household_id;iris_id;commune_id;departement_id;region_id;car_availability;bike_availability;number_of_vehicles;number_of_bikes;income;census_household_id
358;090090000;09009;09;76;all;all;2;4;741.7601105684893;410192
322089;311170000;31117;31;76;some;all;2;4;8536.0;1814013
477413;314990101;31499;31;76;some;all;2;4;7202.0;1847938
907196;315554203;31555;31;76;some;all;2;4;9130.0;1971631
1026584;810050000;81005;81;76;all;all;3;4;5542.350913503937;6356756
1032551;810520000;81052;81;76;all;all;3;4;112.0;6357940
114553;111020000;11102;11;76;all;all;1;2;1043.1138742366152;470160
241770;112620505;11262;11;76;some;all;1;2;283.5;501518
1391;090410000;09041;09;76;all;none;2;0;3501.701587962095;410401
30663;091670000;09167;09;76;all;none;2;0;2575.0;416268
408470;312700000;31270;31;76;all;none;2;0;1814.7531735830928;1832661
529911;314550000;31455;31;76;all;none;1;0;2644.038586368536;1859710
836865;315552005;31555;31;76;all;none;1;0;1213.5;1949716
1016341;320130301;32013;32;76;some;none;2;0;2580.0;1996802
1072842;811240000;81124;81;76;all;none;1;0;1975.5;6367544
1113477;812220000;81222;81;76;all;none;1;0;1748.1536012240795;6376237
1191792;810650201;81065;81;76;all;none;1;0;951.0;6396473
1248552;820850000;82085;82;76;all;none;2;0;694.9223740479026;6410824
1306651;821210103;82121;82;76;all;none;1;0;1275.0;6424020
79105;110240000;11024;11;76;all;some;3;1;5135.141410504057;462370
91743;110760105;11076;11;76;all;some;1;1;709.8000000000001;465104
122058;112030102;11203;11;76;all;some;2;1;2884.5;472051
140145;111720000;11172;11;76;some;some;1;1;4709.343828581676;476393
198205;114280000;11428;11;76;all;some;2;1;4133.626936395017;488007
246433;112620206;11262;11;76;all;some;3;1;410.0;503004
272276;310360000;31036;31;76;all;some;3;1;8895.44188261978;1802037
316851;311070000;31107;31;76;some;some;1;1;3166.0;1812620
357313;311500000;31150;31;76;all;all;1;1;1712.0;1822399
394171;312280000;31228;31;76;some;some;2;1;4314.239710109874;1829822
414706;312710000;31271;31;76;all;all;1;1;3816.3975413548346;1833919
431259;312890000;31289;31;76;all;some;2;1;4400.006283205765;1837241
462044;313150000;31315;31;76;all;some;3;1;3906.0518156939647;1844611
467159;313410000;31341;31;76;all;some;1;1;2390.4;1845618
473965;314240102;31424;31;76;all;some;3;1;4798.0;1847007
566749;311490402;31149;31;76;none;some;0;1;1315.8;1869279
570378;311490902;31149;31;76;some;some;2;1;597.5;1870347
573921;311490601;31149;31;76;all;some;3;1;12555.199999999999;1871412
676126;315555701;31555;31;76;all;all;1;1;1732.0;1899456
797065;315555802;31555;31;76;all;some;3;1;685.0;1937222
804522;315550202;31555;31;76;all;some;2;1;3114.0;1939545
851356;315553203;31555;31;76;some;some;1;1;4687.4;1954234
853910;315553703;31555;31;76;all;some;2;1;3807.0;1955038
854344;315553601;31555;31;76;some;some;1;1;312.0;1955169
897931;315552101;31555;31;76;all;some;1;1;5473.5;1968715
982072;323000000;32300;32;76;some;some;2;1;3713.7557484248127;1989437
1007773;324460000;32446;32;76;all;some;3;1;4908.28933615963;1994563
1017829;320130102;32013;32;76;all;all;1;1;2181.0;1997271
1218455;820250000;82025;82;76;all;some;2;1;3044.0;6403437
1219513;820260000;82026;82;76;all;some;2;1;3586.534189421399;6403648
1310207;821210405;82121;82;76;some;some;1;1;2262.5;6425161
1723;090430000;09043;09;76;all;some;3;1;2023.3976477155234;410468
13251;091240000;09124;09;76;all;all;1;1;2217.2186574411307;412807
394824;312300000;31230;31;76;all;some;2;1;5055.0;1829952
550319;314860000;31486;31;76;some;some;1;1;2803.6623351311528;1864427
602965;310440105;31044;31;76;all;some;2;1;2520.0;1879229
649753;315730000;31573;31;76;all;some;3;1;132.55850653916954;1892162
1034639;810540000;81054;81;76;all;some;2;1;1508.4621495314846;6358361
1082536;812040000;81204;81;76;all;some;2;1;2691.0;6369481
1133013;812760000;81276;81;76;all;some;2;1;2908.3447081531435;6380123
1168380;810040402;81004;81;76;all;some;1;1;2998.5;6389626
1183002;810650403;81065;81;76;all;some;2;1;460.5;6393687
727212;315550702;31555;31;76;all;all;1;1;1502.0;1915445
1002502;324100000;32410;32;76;all;some;2;1;1999.5;1993507
1073041;811240000;81124;81;76;all;some;2;1;3013.5;6367583
1246987;820850000;82085;82;76;all;some;3;1;3122.128553633059;6410508
2297;090470000;09047;09;76;all;some;3;1;1746.0009656990478;410584
51413;092770000;09277;09;76;some;some;2;1;6395.808980486985;420427
525979;314510101;31451;31;76;some;some;2;1;2340.0;1858930
991117;323440000;32344;32;76;all;some;3;1;2042.9834111527164;1991227
1173312;810040603;81004;81;76;all;some;2;1;5190.0;6391211
117642;111050000;11105;11;76;some;some;1;1;2604.603185289861;470871
150159;112610000;11261;11;76;all;all;1;1;1861.7636658339816;478398
234450;112620103;11262;11;76;all;some;2;1;208.5;499186
293341;310840000;31084;31;76;all;some;3;1;4929.524878170067;1806332
476361;314240103;31424;31;76;some;some;2;1;2884.2;1847644
519295;314350000;31435;31;76;some;some;2;1;3595.674500311124;1857592
645460;315410000;31541;31;76;all;some;2;1;13727.5;1891298
758649;315551807;31555;31;76;all;some;2;1;4510.8;1925268
893831;315555101;31555;31;76;all;some;2;1;7296.0;1967429
929169;315552402;31555;31;76;all;some;2;1;2409.0;1978402
1201138;810650401;81065;81;76;all;some;1;1;370.5;6399434
1319875;821210701;82121;82;76;some;some;3;1;2979.2;6428210
6677;090600000;09060;09;76;none;all;0;3;3447.6018083367408;411466
7009;090610000;09061;09;76;all;some;1;1;2082.3774621699413;411534
64936;093400000;09340;09;76;all;some;2;1;1644.5912089594035;423175
836151;315553701;31555;31;76;all;all;1;1;1070.0;1949499
959138;321940000;32194;32;76;all;all;1;1;2118.0723955970416;1984817
1066823;811050106;81105;81;76;some;some;2;1;514.0;6365929
8304;090610000;09061;09;76;all;none;2;0;3546.448499554929;411797
108035;111160102;11116;11;76;all;none;2;0;3670.5;468848
129593;111380000;11138;11;76;all;none;2;0;3658.5729026986232;474040
455250;312030101;31203;31;76;all;none;2;0;2254.5;1843248
805360;315554805;31555;31;76;all;none;1;0;1985.0;1939825
1209357;820370102;82037;82;76;all;none;1;0;2117.0;6401625
386218;312020000;31202;31;76;all;all;1;3;3066.7000000000003;1828240
1233941;820540000;82054;82;76;all;some;2;3;1898.9074206911923;6407236
371853;311630000;31163;31;76;some;none;2;0;10706.87995170986;1825362
375145;311820000;31182;31;76;some;none;2;0;8448.0;1826016
608559;314460103;31446;31;76;some;none;1;0;873.0;1880831
803060;315550901;31555;31;76;some;none;2;0;5135.9;1939113
959245;322080000;32208;32;76;some;none;3;0;3472.0;1984839
1007988;324480000;32448;32;76;some;none;1;0;3907.224586445009;1994607
1019055;320130301;32013;32;76;all;none;2;0;4932.0;1997646
1298860;821210602;82121;82;76;some;none;3;0;7479.5;6421565
1318035;821211001;82121;82;76;all;none;2;0;3744.0;6427632
8634;090620000;09062;09;76;some;none;1;0;3683.8239028977896;411862
156698;112830000;11283;11;76;all;none;2;0;800.5526845008137;479704
393547;312280000;31228;31;76;some;none;2;0;4334.885499998564;1829700
593311;310440104;31044;31;76;some;none;1;0;2640.3999999999996;1876771
903371;315550501;31555;31;76;some;none;1;0;7168.5;1970464
1303311;821211001;82121;82;76;some;none;2;0;2714.0;6422960
926558;315553802;31555;31;76;all;none;2;0;545.4;1977604
1269811;821250000;82125;82;76;all;none;3;0;490.5;6415074
8748;090710000;09071;09;76;all;some;2;3;2846.7570803179015;411885
100195;110720000;11072;11;76;all;all;1;3;2970.845405005343;467247
126697;112060103;11206;11;76;all;all;2;3;52.2;473288
142093;111950000;11195;11;76;all;all;1;3;3200.1873186892753;476786
193998;114180000;11418;11;76;all;all;2;3;5601.92929529827;487150
272496;310420000;31042;31;76;all;some;2;3;5531.400000000001;1802081
371395;311630000;31163;31;76;none;all;0;3;2161.6776951159354;1825272
392202;312190000;31219;31;76;all;all;3;3;4802.31174779003;1829429
542261;314780000;31478;31;76;all;some;3;3;2837.405719229838;1862505
691331;315551807;31555;31;76;all;some;3;3;4875.4;1904269
884878;315555401;31555;31;76;none;some;0;3;850.0;1964595
931507;315554802;31555;31;76;none;all;0;3;1158.0;1979143
985988;321600101;32160;32;76;all;some;2;3;3542.7000000000003;1990217
1005788;324160000;32416;32;76;all;some;2;3;4235.284439500892;1994169
1046643;810810000;81081;81;76;none;some;0;3;5280.044548332504;6360790
1084566;812090000;81209;81;76;all;all;1;3;5038.8;6369890
1132530;812730000;81273;81;76;all;some;3;3;3465.0;6380030
1208321;820020000;82002;82;76;all;some;2;3;8493.6;6401422
1237070;821120101;82112;82;76;all;some;1;3;3423.0;6408005
1369881;812710101;81271;81;76;none;all;0;3;544.0;8343201
186662;113720000;11372;11;76;all;some;2;1;4876.174308842297;485672
354742;311160102;31116;31;76;all;some;2;1;6318.900000000001;1821876
415552;312710000;31271;31;76;all;some;2;1;6692.827652358672;1834084
442309;312030102;31203;31;76;all;some;2;1;4018.1;1840007
475469;311870106;31187;31;76;all;some;2;1;3711.6;1847410
478309;311870106;31187;31;76;all;some;2;1;1432.8;1848193
649277;315660000;31566;31;76;all;some;2;1;4054.4189162947896;1892067
665122;315552004;31555;31;76;all;some;1;1;26.0;1896018
769931;315555101;31555;31;76;none;some;0;1;3638.0;1928817
823040;315554004;31555;31;76;none;some;0;1;4384.5;1945360
856010;315551801;31555;31;76;some;some;1;1;3818.3999999999996;1955687
885724;315551502;31555;31;76;some;some;1;1;2880.0;1964866
1085784;811400105;81140;81;76;all;some;2;1;5831.7;6370164
1291311;821880000;82188;82;76;all;some;1;1;3104.502296990664;6419378
221642;110690903;11069;11;76;all;all;1;3;6211.8;495131
790754;315551502;31555;31;76;all;all;2;3;261.0;1935313
905927;315554701;31555;31;76;all;all;2;3;2990.0;1971247
1038599;810740000;81074;81;76;all;some;2;3;4177.902916672777;6359156
1218069;820250000;82025;82;76;all;all;1;3;1193.0;6403359
103710;110880000;11088;11;76;all;some;2;2;3399.599538035008;467968
223684;110690901;11069;11;76;all;some;2;2;6704.499999999999;495774
259492;310210000;31021;31;76;all;all;2;2;506.84679381655366;1799435
296550;310880000;31088;31;76;all;some;3;2;5707.8;1807193
297099;310890000;31089;31;76;all;all;2;2;4087.397156487784;1807341
298284;310690105;31069;31;76;all;some;2;2;3931.2000000000003;1807657
304889;311000000;31100;31;76;all;all;2;2;3252.0;1809410
315732;310690101;31069;31;76;all;all;1;2;2525.0;1812328
344882;311350000;31135;31;76;all;all;1;2;2383.0;1819864
356904;311500000;31150;31;76;all;some;2;2;6648.6;1822314
401204;311690101;31169;31;76;all;some;2;2;3141.6;1831215
407017;312540000;31254;31;76;all;all;3;2;2178.0;1832372
446043;312990000;31299;31;76;all;some;2;2;7281.799999999999;1840958
472599;313510000;31351;31;76;all;all;2;2;3249.0;1846689
623317;311570103;31157;31;76;all;all;2;2;3580.5;1885308
645509;315530000;31553;31;76;some;some;1;2;4226.7465634740365;1891308
657953;315790000;31579;31;76;all;some;2;2;5386.02364857773;1893795
675343;315554005;31555;31;76;none;all;0;2;2198.0;1899213
795537;315554006;31555;31;76;all;some;2;2;5636.400000000001;1936756
910540;315551301;31555;31;76;none;all;0;2;3735.0;1972658
986515;321600101;32160;32;76;some;some;2;2;5175.0;1990322
998789;323720000;32372;32;76;some;some;2;2;2143.2216534759345;1992759
1032456;810480000;81048;81;76;all;all;3;2;1629.1793422680546;6357922
1049728;811010000;81101;81;76;all;some;2;2;3689.1362174135234;6361409
1102038;812190000;81219;81;76;all;some;3;2;702.0;6373957
1121087;812660000;81266;81;76;all;all;2;2;1753.0968557078504;6377769
9655;090790000;09079;09;76;all;some;2;1;1348.6912827508195;412069
224265;112620505;11262;11;76;some;some;1;1;1302.5;495962
575751;312820101;31282;31;76;all;some;3;1;3530.0;1871808
745407;315550302;31555;31;76;all;some;2;1;636.0;1921103
496549;313640000;31364;31;76;some;some;2;1;6774.0;1853064
603824;315170000;31517;31;76;some;some;2;1;3219.9999999999995;1879436
1228369;820380000;82038;82;76;all;some;1;1;3507.379597884058;6406010
10199;090860000;09086;09;76;all;none;1;0;1021.5491220382835;412182
66234;093410000;09341;09;76;some;none;2;0;3383.3128606323744;423438
86135;110370000;11037;11;76;all;none;2;0;4477.367292223566;463782
101706;111160102;11116;11;76;all;none;1;0;2102.0;467554
110764;110990000;11099;11;76;all;none;3;0;3247.5;469397
146342;112170000;11217;11;76;some;none;3;0;5744.945336657012;477630
187027;113780000;11378;11;76;all;none;2;0;3825.015761849493;485745
189487;114050000;11405;11;76;all;none;2;0;1531.4677966708878;486241
544446;314800000;31480;31;76;some;none;1;0;2013.8847803898752;1863029
843180;315553203;31555;31;76;all;none;1;0;1810.0;1951706
921010;315554007;31555;31;76;none;none;0;0;823.0;1975896
1248975;820930000;82093;82;76;all;none;1;0;3822.427049691668;6410910
1349192;315920000;31592;31;76;none;none;0;0;1001.6222170466298;8150068
11051;091040000;09104;09;76;all;all;1;2;1740.9146972221583;412356
91048;110480000;11048;11;76;all;all;2;2;3679.3635758696514;464927
198163;114260000;11426;11;76;all;some;2;2;2743.355844992021;487998
307710;310690111;31069;31;76;some;some;1;2;4986.0;1810157
400169;311690102;31169;31;76;some;some;1;2;2070.0;1831011
503724;313990000;31399;31;76;all;some;3;2;5096.013671727485;1854485
999815;323880000;32388;32;76;some;all;1;2;4022.852848894454;1992967
1054064;811060000;81106;81;76;some;some;1;2;3882.1462036828493;6362271
1119532;812480000;81248;81;76;some;some;1;2;2856.268110318231;6377460
1294659;821210301;82121;82;76;some;some;1;2;3666.6000000000004;6420244
13030;091080000;09108;09;76;some;none;1;0;2790.5100026810755;412762
36544;091880000;09188;09;76;all;none;2;0;3336.468442292658;417443
49761;092650000;09265;09;76;all;none;1;0;1573.0;420096
254228;310040000;31004;31;76;some;none;3;0;7037.5;1798371
454361;312030102;31203;31;76;some;none;1;0;3272.0;1843029
521547;314450000;31445;31;76;all;none;2;0;6398.0;1858040
554435;311490701;31149;31;76;some;none;1;0;661.5;1865596
687099;315553802;31555;31;76;all;none;1;0;2319.0;1902943
1117811;812470000;81247;81;76;some;none;1;0;2926.2898661979452;6377114
1246004;820750000;82075;82;76;all;none;2;0;457.5;6410311
1302167;821211001;82121;82;76;some;none;1;0;2116.0;6422607
223093;110690403;11069;11;76;all;some;2;2;5667.900000000001;495593
350283;310220101;31022;31;76;all;all;1;2;4656.6;1820961
366883;311160103;31116;31;76;all;some;2;2;2795.1;1824357
734481;315550801;31555;31;76;none;all;0;2;1348.0;1917729
762326;315554801;31555;31;76;none;all;0;2;672.0;1926403
1244633;820750000;82075;82;76;all;some;2;2;2734.2000000000003;6410037
1289728;821860000;82186;82;76;all;some;2;2;3669.6;6419058
1304972;821211102;82121;82;76;some;some;1;2;7480.0;6423477
42824;092130000;09213;09;76;all;all;1;2;848.8292290194962;418698
13053;091190000;09119;09;76;all;none;1;0;1434.331523406133;412766
13685;092610101;09261;09;76;some;some;1;1;2595.0;412893
442139;315470101;31547;31;76;all;some;3;1;3027.0;1839967
1270564;821260000;82126;82;76;all;none;2;0;3252.345004303932;6415225
13716;092610102;09261;09;76;all;none;2;0;4527.0;412899
147047;112200000;11220;11;76;all;none;1;0;3330.58970728307;477771
281034;310510000;31051;31;76;all;none;3;0;1898.4339175847094;1803799
604975;315180000;31518;31;76;all;none;1;0;1408.58305253087;1879733
14471;092610102;09261;09;76;all;none;2;0;190.5;413051
608888;314460106;31446;31;76;some;none;1;0;487.5;1880938
637064;315880101;31588;31;76;all;none;2;0;3267.0;1889389
674847;315555204;31555;31;76;none;none;0;0;3424.5;1899054
1023049;320130301;32013;32;76;all;none;2;0;3568.5;1998899
1184959;810650202;81065;81;76;all;none;1;0;791.0;6394295
13746;092610101;09261;09;76;all;all;1;2;1988.0;412905
100602;110770000;11077;11;76;some;all;1;2;3513.7670334986738;467330
72505;092250105;09225;09;76;all;none;1;0;2104.0;425369
723923;315550902;31555;31;76;all;none;2;0;4795.5;1914419
1034336;810520000;81052;81;76;all;none;1;0;3114.0;6358299
1199531;810650201;81065;81;76;all;none;2;0;2871.0;6398926
17761;092610101;09261;09;76;all;all;1;3;1659.0;413713
209101;110690302;11069;11;76;some;all;1;3;882.0;491179
984262;323260000;32326;32;76;all;all;1;3;964.0459570135109;1989874
989983;323400000;32340;32;76;all;all;2;3;2369.0369019458653;1991004
18942;092610101;09261;09;76;all;all;2;2;2015.0;413948
19752;091220102;09122;09;76;all;all;1;2;2086.0;414108
636878;315570104;31557;31;76;all;some;2;2;5599.8;1889332
667697;315555503;31555;31;76;all;some;2;2;6247.8;1896839
848018;315553803;31555;31;76;all;all;1;2;1199.0;1953185
19294;091220103;09122;09;76;some;some;1;1;2969.2999999999997;414017
73042;092250105;09225;09;76;all;all;1;1;2364.0;425532
264710;310320000;31032;31;76;some;some;1;1;3546.0;1800500
576908;312820101;31282;31;76;all;some;2;1;544.0;1872043
815282;315554803;31555;31;76;all;some;2;1;4471.5;1942949
238553;112620505;11262;11;76;all;none;1;0;633.1;500477
461775;313150000;31315;31;76;some;none;2;0;4889.806154959758;1844559
470905;313510000;31351;31;76;all;none;1;0;3344.9;1846353
839979;315553001;31555;31;76;all;none;1;0;1558.4;1950698
855355;315551303;31555;31;76;all;none;2;0;2961.0;1955490
976943;322560000;32256;32;76;some;none;1;0;2830.8;1988412
1025330;810020000;81002;81;76;all;none;2;0;2704.8;6356507
1027644;810350000;81035;81;76;all;none;3;0;2120.28476152934;6356967
89840;110760106;11076;11;76;all;some;1;1;1156.0;464605
161701;113270000;11327;11;76;all;some;2;1;3177.350261864001;480697
193700;114180000;11418;11;76;all;some;2;1;2770.630280550465;487091
368611;311610000;31161;31;76;all;some;3;1;4934.603900671652;1824711
379010;311880000;31188;31;76;all;some;3;1;4971.460063862976;1826789
440430;313950106;31395;31;76;all;some;3;1;7200.0;1839543
752810;315552501;31555;31;76;none;some;0;1;2173.5;1923436
826032;315554805;31555;31;76;none;all;0;1;1681.0;1946296
871766;315550802;31555;31;76;all;some;1;1;864.0;1960549
1153079;810040302;81004;81;76;some;some;2;1;7306.599999999999;6384694
1228371;820430000;82043;82;76;some;some;1;1;2343.028808695332;6406011
1259738;821140000;82114;82;76;some;some;1;1;2342.8811173821064;6413062
1286485;821730000;82173;82;76;all;some;3;1;2828.4405547054753;6418409
20073;091220102;09122;09;76;some;none;2;0;1998.0;414169
252710;112620402;11262;11;76;none;none;0;0;121.0;505013
1194140;810650204;81065;81;76;some;some;1;1;3594.0;6397214
117849;112030103;11203;11;76;some;all;1;4;2743.5;470923
136904;111590000;11159;11;76;all;some;2;4;4111.6071624992455;475741
162218;113360000;11336;11;76;all;all;2;4;1415.800882659864;480800
257890;310330101;31033;31;76;all;all;3;4;4084.0;1799115
324848;311180000;31118;31;76;all;all;2;4;4557.0;1814760
611941;314460103;31446;31;76;all;all;1;4;1509.0;1881918
767688;315551102;31555;31;76;none;all;0;4;1871.0;1928094
966452;322080000;32208;32;76;some;all;2;4;1190.0;1986300
971139;322270000;32227;32;76;all;all;3;4;3480.0630452601154;1987249
1206135;811630106;81163;81;76;none;all;0;4;1475.0;6400963
1288157;821790000;82179;82;76;all;all;2;4;2097.3918932196507;6418743
21366;091220101;09122;09;76;all;all;1;3;957.0;414428
634282;315570107;31557;31;76;some;all;1;3;4.5;1888580
22325;091220101;09122;09;76;none;all;0;3;3031.0;414619
429096;312320102;31232;31;76;some;some;2;3;5954.0;1836805
555125;311490402;31149;31;76;none;some;0;3;12633.300000000001;1865792
924434;315553002;31555;31;76;some;some;1;3;3406.2000000000003;1976951
22368;091220105;09122;09;76;all;none;1;0;1067.0;414627
61948;093360000;09336;09;76;all;none;2;0;1399.479518563342;422569
584962;315610106;31561;31;76;some;none;1;0;918.0;1874408
699440;315555702;31555;31;76;all;none;2;0;3340.5;1906802
22742;091220105;09122;09;76;all;none;2;0;1224.0;414703
267443;310350000;31035;31;76;some;none;2;0;6543.644978352467;1801056
600534;315150000;31515;31;76;some;none;2;0;4122.688800036871;1878599
830045;315551103;31555;31;76;some;none;1;0;4855.5;1947551
1279626;821500000;82150;82;76;all;none;2;0;3947.1112442692915;6417039
24573;091220102;09122;09;76;all;all;1;3;2018.9;415063
130804;112060103;11206;11;76;all;all;1;3;1929.2;474352
308534;310690107;31069;31;76;all;all;1;3;1134.0;1810371
317188;310690111;31069;31;76;all;all;2;3;7102.8;1812711
408047;312910103;31291;31;76;all;some;2;3;9947.7;1832574
410843;312700000;31270;31;76;all;all;2;3;3651.969623068454;1833136
484919;311870106;31187;31;76;all;all;2;3;3639.6;1850050
833941;315550501;31555;31;76;all;all;1;3;1678.0;1948784
44202;092440000;09244;09;76;all;none;2;0;6343.6763677273375;418977
151074;112720000;11272;11;76;all;none;1;0;5474.005119323365;478581
190127;114100000;11410;11;76;some;none;2;0;8125.647893448754;486370
232225;112620206;11262;11;76;all;none;1;0;683.2;498502
250159;112620202;11262;11;76;all;none;1;0;315.20000000000005;504209
478651;314240103;31424;31;76;all;none;2;0;3499.2000000000003;1848291
639421;311570103;31157;31;76;some;none;1;0;2688.0;1890088
692953;315554201;31555;31;76;all;none;2;0;2278.5;1904769
963422;321320102;32132;32;76;all;none;1;0;3040.0;1985677
994563;323650000;32365;32;76;all;none;2;0;5082.840701818401;1991913
1013901;320130201;32013;32;76;all;none;2;0;4756.5;1996042
26736;091430000;09143;09;76;some;some;1;2;3944.6215721144226;415487
402537;312520000;31252;31;76;all;some;2;2;4197.4955659091365;1831480
875406;315550301;31555;31;76;some;some;1;2;9639.0;1961701
962242;322080000;32208;32;76;all;some;2;2;4420.0;1985438
979982;322850000;32285;32;76;some;some;2;2;4366.775023645344;1989019
1039256;810740000;81074;81;76;all;some;3;2;4011.435647256631;6359287
1229900;820440000;82044;82;76;some;some;1;2;2647.4335987759687;6406418
184392;113530000;11353;11;76;some;some;1;2;4579.851423328065;485220
253524;310030000;31003;31;76;all;some;1;2;3772.7112451608778;1798229
272817;310450000;31045;31;76;all;some;1;2;3780.2146036653926;1802147
586291;315610105;31561;31;76;all;all;1;2;2671.5;1874824
846541;315553504;31555;31;76;all;some;2;2;5743.5;1952738
1296518;821211001;82121;82;76;none;all;0;2;1196.0;6420823
1359448;315554702;31555;31;76;none;all;0;2;1584.0;8153125
1359988;315554702;31555;31;76;none;all;0;2;2958.0;8153235
61568;093270000;09327;09;76;all;some;2;3;7272.143412508738;422492
1350110;315920000;31592;31;76;none;all;0;3;3877.9006640048865;8150492
26832;091500000;09150;09;76;all;all;1;2;1079.59989076653;415506
147474;112430000;11243;11;76;some;all;1;2;4056.7091890701013;477854
1059997;810990103;81099;81;76;all;all;2;2;2131.5;6363949
1073978;811240000;81124;81;76;all;all;2;2;1710.0;6367770
27975;091580000;09158;09;76;all;some;2;1;2265.380884662902;415732
224688;112620602;11262;11;76;some;some;2;2;7398.0;496101
398832;312330000;31233;31;76;all;all;2;2;5096.210477289622;1830743
755488;315551804;31555;31;76;some;some;1;1;1675.5;1924276
898469;315555502;31555;31;76;all;some;2;1;3232.7999999999997;1968896
1115601;812440000;81244;81;76;all;some;3;1;1936.2;6376666
167893;113390000;11339;11;76;all;all;1;2;947.672494129439;481937
350986;311380000;31138;31;76;some;all;1;2;2107.909837341789;1821106
467673;313470000;31347;31;76;some;some;2;2;3963.7584215853503;1845718
663898;315554004;31555;31;76;all;all;1;2;2475.0;1895639
691303;315551301;31555;31;76;some;some;2;2;5559.099999999999;1904257
695483;315555901;31555;31;76;some;some;2;2;2154.0;1905560
1007768;324420000;32442;32;76;all;all;1;2;1662.9918785492218;1994562
1279751;821510000;82151;82;76;all;some;3;2;2381.2806074209725;6417064
34858;091730000;09173;09;76;all;all;2;2;4050.7112189307363;417099
208390;110690404;11069;11;76;all;all;1;2;891.0;490954
1314790;821211001;82121;82;76;some;all;1;2;3054.0;6426635
1337672;314670102;31467;31;76;none;all;0;2;1629.0;8147512
1199869;810650902;81065;81;76;some;none;1;0;3183.0;6399037
1289256;821860000;82186;82;76;all;none;2;0;2533.5;6418964
36152;091820000;09182;09;76;all;all;2;2;1739.231819009115;417361
93827;110490000;11049;11;76;all;all;1;2;2236.0;465663
415850;312910102;31291;31;76;all;none;2;0;3540.0;1834145
471219;313510000;31351;31;76;all;none;1;0;2833.5;1846417
976122;322440000;32244;32;76;all;none;1;0;1891.3632361944929;1988247
36239;091850000;09185;09;76;none;all;0;3;2340.0;417380
94846;110760102;11076;11;76;none;all;0;3;709.0;465926
202082;110690902;11069;11;76;none;all;0;3;244.0;488958
352156;311160101;31116;31;76;all;all;2;3;2677.5;1821348
658576;315554702;31555;31;76;all;some;2;3;4548.6;1893947
819620;315555802;31555;31;76;all;all;2;3;9424.0;1944306
828493;315554801;31555;31;76;none;all;0;3;974.0;1947063
1237261;821120102;82112;82;76;some;some;1;3;1166.3999999999999;6408062
374655;311810000;31181;31;76;none;none;0;0;3201.5195494031946;1825920
37190;091940000;09194;09;76;all;none;2;0;3906.0;417573
179916;113790102;11379;11;76;all;none;2;0;2956.5;484338
1313632;821210302;82121;82;76;all;none;2;0;3108.0;6426265
1119946;812510000;81251;81;76;all;none;3;0;6231.856106983786;6377541
1335182;315820000;31582;31;76;none;none;0;0;2648.0;8146940
38287;091600101;09160;09;76;none;none;0;0;2921.0;417795
198541;114290000;11429;11;76;none;none;0;0;2953.5;488074
658983;315552601;31555;31;76;none;none;0;0;2764.6;1894089
864417;315555301;31555;31;76;none;none;0;0;2318.0;1958294
1347986;315610101;31561;31;76;none;none;0;0;2987.0;8149803
1361392;324640000;32464;32;76;none;none;0;0;2043.6815571811344;8153533
1376446;820330101;82033;82;76;none;none;0;0;1108.0;8344877
38872;091600101;09160;09;76;none;none;0;0;1209.0;417912
211624;110690101;11069;11;76;none;none;0;0;1154.0;491966
557680;311490401;31149;31;76;none;none;0;0;1525.0;1866565
1276665;821360000;82136;82;76;none;none;0;0;1958.2959417952193;6416443
1330956;112660103;11266;11;76;none;none;0;0;1721.0;8081780
38987;092090000;09209;09;76;all;all;1;5;1542.7110236111826;417935
141702;111920000;11192;11;76;all;all;1;5;1475.9937713233464;476707
344641;311350000;31135;31;76;all;all;1;5;310.5;1819813
380241;311880000;31188;31;76;some;all;1;5;3121.300052118615;1827037
422001;315260102;31526;31;76;all;all;1;5;1665.0;1835387
464211;313240000;31324;31;76;all;all;1;5;2604.852392510538;1845040
740328;315554804;31555;31;76;none;all;0;5;1499.0;1919542
823414;315551806;31555;31;76;none;all;0;5;4179.0;1945481
1275908;821360000;82136;82;76;all;all;2;5;2363.572692261734;6416292
1328698;112060104;11206;11;76;none;all;0;5;1488.0;8081295
41037;091600102;09160;09;76;all;all;1;2;832.0;418345
255597;310330102;31033;31;76;all;all;2;2;270.0;1798653
285666;310660000;31066;31;76;all;all;2;2;4000.5;1804725
318999;310690102;31069;31;76;all;all;2;2;664.5;1813187
319458;310560102;31056;31;76;all;all;2;2;169.5;1813312
373472;311650000;31165;31;76;all;all;2;2;3730.5;1825685
391819;312060000;31206;31;76;all;all;1;2;4932.372620020066;1829354
407589;312910102;31291;31;76;all;all;1;2;1513.0;1832483
420138;312710000;31271;31;76;all;all;1;2;2329.55899098484;1835010
466403;313390000;31339;31;76;all;all;1;2;2378.9088743862676;1845468
501728;313810000;31381;31;76;all;all;1;2;3217.5;1854089
508756;314330104;31433;31;76;some;some;2;2;11782.5;1855486
547671;314810000;31481;31;76;all;some;3;2;4028.177058579384;1863796
584264;314880104;31488;31;76;all;some;3;2;5168.0;1874196
590331;310440104;31044;31;76;all;some;2;2;774.0;1876007
744559;315553402;31555;31;76;all;all;1;2;1535.0;1920840
41266;092100000;09210;09;76;all;some;3;1;1815.441813698737;418389
266114;310350000;31035;31;76;all;some;2;1;6526.929676960592;1800783
233930;112620602;11262;11;76;all;some;3;2;3300.0;499024
505796;314020000;31402;31;76;all;some;2;2;6893.476114818635;1854899
515641;314210000;31421;31;76;all;all;2;2;1302.0;1856861
562264;311490701;31149;31;76;all;some;2;2;1089.0;1867934
622229;311570104;31157;31;76;all;all;1;2;1683.0;1884979
1169796;810040201;81004;81;76;all;some;2;2;2955.6;6390079
1221436;820330102;82033;82;76;some;some;1;2;1837.8;6404084
42150;091600103;09160;09;76;some;none;1;0;3733.5;418564
43108;092300000;09230;09;76;all;none;2;0;3880.9553126287606;418757
144664;112090000;11209;11;76;all;none;1;0;1507.0243745640091;477299
629501;315570106;31557;31;76;all;none;2;0;417.0;1887123
759926;315550802;31555;31;76;some;all;1;2;801.0;1925680
781790;315551802;31555;31;76;all;all;1;2;986.0;1932518
1076931;811470000;81147;81;76;all;all;1;2;1981.9342390351637;6368359
1178696;810600102;81060;81;76;all;all;1;2;2095.0;6392556
42249;091600103;09160;09;76;some;some;2;1;2914.0;418584
829825;315552901;31555;31;76;some;some;2;1;3835.0;1947481
842105;315552902;31555;31;76;all;all;1;1;1407.0;1951373
1182436;810650902;81065;81;76;all;some;2;1;606.0;6393513
374123;311650000;31165;31;76;all;none;2;0;2110.5;1825816
619068;311570105;31157;31;76;some;none;1;0;5331.0;1884056
49793;092720000;09272;09;76;all;none;2;0;64.35479953934714;420102
387993;312020000;31202;31;76;all;none;2;0;2611.5;1828592
392445;312200000;31220;31;76;all;none;1;0;1748.3608178604713;1829478
453883;312030102;31203;31;76;all;none;1;0;1612.0;1842915
464783;313270000;31327;31;76;all;none;1;0;2934.3003263243786;1845149
464995;313340000;31334;31;76;none;none;0;0;3951.3039063681695;1845190
657994;315810000;31581;31;76;all;none;1;0;1541.5440044447098;1893804
878483;315554202;31555;31;76;all;none;1;0;930.0;1962654
923215;315550301;31555;31;76;all;none;1;0;772.0;1976564
1090408;811400105;81140;81;76;some;none;1;0;876.0;6371415
1267414;821190000;82119;82;76;all;none;2;0;2797.9083324153326;6414594
282455;310520000;31052;31;76;all;some;2;2;3230.601776175153;1804082
299225;310560101;31056;31;76;all;some;2;2;2054.0;1807901
399476;312470000;31247;31;76;all;some;2;2;2372.1314435494373;1830873
450378;315470103;31547;31;76;some;some;2;2;1362.4;1842034
578356;315610106;31561;31;76;some;some;2;2;1401.4;1872363
616950;315570104;31557;31;76;all;some;2;2;374.40000000000003;1883427
761428;315550402;31555;31;76;some;some;1;2;4487.7;1926133
766299;315554007;31555;31;76;some;some;1;2;2185.2000000000003;1927657
783306;315553504;31555;31;76;some;some;1;2;2005.2;1933002
1043026;810780000;81078;81;76;all;some;2;2;4989.823473753735;6360054
145188;112100000;11210;11;76;none;all;0;2;1396.604418176174;477403
202539;110690903;11069;11;76;none;some;0;2;1806.0;489107
778975;315550802;31555;31;76;some;some;2;2;9465.0;1931643
1026186;810030000;81003;81;76;all;all;2;2;3007.0356486478963;6356677
44554;092650000;09265;09;76;none;all;0;1;1526.0;419048
322360;315060103;31506;31;76;some;some;1;1;3590.0;1814089
936367;320490000;32049;32;76;some;some;1;1;2252.2506485169415;1980291
1049560;810980000;81098;81;76;all;some;3;1;1855.6635536646152;6361377
1149144;810040303;81004;81;76;all;all;1;1;3060.0;6383429
264355;310270000;31027;31;76;all;all;1;1;72.21810479082022;1800429
745104;315551202;31555;31;76;none;all;0;1;978.0;1921005
72917;092250101;09225;09;76;all;all;1;1;601.0;425495
309277;310690111;31069;31;76;some;some;1;1;1809.0;1810564
515286;314210000;31421;31;76;all;some;2;1;1356.0;1856790
594202;310440108;31044;31;76;all;all;1;1;1180.0;1876996
939383;320790000;32079;32;76;some;some;1;1;2257.818813837809;1980896
611356;314460105;31446;31;76;all;all;2;4;2152.5;1881735
1106193;811200102;81120;81;76;all;all;2;4;3288.6;6374784
52972;092820000;09282;09;76;all;all;1;4;1841.0;420740
53763;092820000;09282;09;76;all;none;2;0;2242.0;420897
129914;112060103;11206;11;76;all;none;2;0;3855.0;474126
436868;313950106;31395;31;76;some;none;1;0;220.5;1838642
1021078;320130204;32013;32;76;all;none;1;0;2248.0;1998292
1024906;810020000;81002;81;76;some;none;1;0;2877.0;6356424
54196;092830000;09283;09;76;all;none;2;0;2659.5560802196433;420985
59658;093060000;09306;09;76;all;none;2;0;3129.0;422102
955499;321070101;32107;32;76;all;none;2;0;1435.5;1984100
1046246;810790000;81079;81;76;some;none;1;0;2040.8215401521227;6360710
1223385;820330102;82033;82;76;some;none;1;0;2503.5;6404622
148109;112520000;11252;11;76;all;all;1;2;2292.7915744445586;477981
242765;112620504;11262;11;76;all;all;1;2;417.0;501823
954602;321070101;32107;32;76;some;all;1;2;1012.5;1983922
1115588;812390000;81239;81;76;all;all;3;2;2848.569538583042;6376664
1280197;821510000;82151;82;76;all;all;2;2;4120.905882789204;6417154
57581;092930000;09293;09;76;all;none;2;0;3872.4970294089926;421676
299127;310690104;31069;31;76;some;none;1;0;2458.5;1807877
336139;311130102;31113;31;76;some;none;1;0;746.0;1817678
565818;311490601;31149;31;76;some;none;1;0;565.0;1869005
772554;315555801;31555;31;76;some;none;2;0;5190.0;1929651
1159648;810040201;81004;81;76;all;none;3;0;4830.0;6386796
130033;112060102;11206;11;76;all;some;1;2;2427.2000000000003;474156
408300;312540000;31254;31;76;all;all;3;2;6523.5;1832626
436232;312970000;31297;31;76;some;some;3;2;6347.811360722412;1838478
555118;311490101;31149;31;76;all;all;1;2;760.5;1865791
593923;315070000;31507;31;76;some;all;1;2;4444.958185136669;1876926
708606;315551001;31555;31;76;some;all;1;2;1680.0;1909698
833754;315555101;31555;31;76;all;all;1;2;2402.0;1948724
958378;321930000;32193;32;76;all;some;2;2;3921.3329343144246;1984667
1006154;324260000;32426;32;76;all;all;2;2;2135.0278157038424;1994240
1177589;810600101;81060;81;76;some;some;2;2;3820.0;6392336
59015;093060000;09306;09;76;all;all;2;2;1662.0;421970
59571;093060000;09306;09;76;all;all;1;2;1261.0;422083
59696;093120000;09312;09;76;some;some;2;1;3300.0;422110
500738;313750000;31375;31;76;all;none;1;0;2439.0;1853893
521230;314510103;31451;31;76;some;none;2;0;4550.0;1857978
558787;311490903;31149;31;76;all;none;2;0;736.5;1866890
929084;315551807;31555;31;76;all;none;1;0;1226.0;1978374
73948;092250105;09225;09;76;some;some;2;2;126.49999999999999;425800
487542;314240104;31424;31;76;all;some;1;2;1141.2;1850765
942433;320920000;32092;32;76;all;some;2;2;2475.80908495783;1981511
1140689;812810000;81281;81;76;all;some;2;2;2561.4;6381647
202561;110690501;11069;11;76;all;all;1;2;3036.8;489112
406880;312530000;31253;31;76;all;all;2;2;2835.420466258817;1832344
1053617;811040000;81104;81;76;all;some;2;2;6360.695214474365;6362181
1195505;810650101;81065;81;76;some;some;1;2;2561.4;6397650
228931;112620203;11262;11;76;some;some;2;2;1536.3999999999999;497432
265414;310350000;31035;31;76;all;some;1;2;5179.102395453588;1800641
822589;315555101;31555;31;76;none;some;0;2;2249.1;1945233
1023334;320130501;32013;32;76;all;some;2;2;7830.900000000001;1998988
373865;311650000;31165;31;76;all;some;2;1;3675.0;1825764
399158;312350000;31235;31;76;all;some;2;1;3152.706525816846;1830808
668931;315551601;31555;31;76;some;some;1;1;6262.2;1897218
770373;315555101;31555;31;76;all;some;2;1;7122.6;1928955
1058658;810990105;81099;81;76;all;some;2;1;1858.5;6363558
1145626;812830000;81283;81;76;some;some;2;1;2114.7873235973584;6382655
189769;113970101;11397;11;76;all;none;2;0;3670.5;486298
233420;112620602;11262;11;76;all;none;3;0;1084.5;498871
477737;314240105;31424;31;76;all;none;2;0;3712.5;1848027
643705;315200000;31520;31;76;all;none;2;0;2186.4535096784157;1890948
735922;315550401;31555;31;76;some;none;1;0;7051.5;1918181
866063;315551602;31555;31;76;all;none;1;0;325.0;1958805
950794;321470000;32147;32;76;some;none;2;0;2073.3369264897574;1983169
954142;321500000;32150;32;76;all;none;1;0;1247.2205565321487;1983831
1050327;811020000;81102;81;76;all;none;1;0;2427.392718430621;6361531
1056137;810990104;81099;81;76;all;none;1;0;1242.0;6362781
1080255;811560000;81156;81;76;all;none;2;0;3366.0;6369021
1111546;812200000;81220;81;76;all;none;1;0;1791.0;6375850
140697;111830000;11183;11;76;all;all;1;4;5590.7297205070745;476507
241305;112620103;11262;11;76;all;all;2;4;313.5;501366
284146;310650000;31065;31;76;all;all;2;4;1726.5;1804421
354969;310220101;31022;31;76;all;all;1;4;230.0;1821921
455103;315470102;31547;31;76;all;all;2;4;260.0;1843204
998964;323730000;32373;32;76;all;all;3;4;3195.7821826988675;1992794
1076231;811440000;81144;81;76;all;all;2;4;1866.0;6368217
1168427;810040603;81004;81;76;all;all;2;4;5568.0;6389641
1285177;821650000;82165;82;76;all;all;2;4;4178.165987886944;6418147
71704;092250107;09225;09;76;all;all;1;5;1607.4;425127
126720;111240000;11124;11;76;all;all;2;5;395.4454944646057;473294
319281;310690111;31069;31;76;all;all;3;5;3302.0;1813266
395012;311690101;31169;31;76;all;all;3;5;3178.0;1829990
516747;314510101;31451;31;76;some;all;1;5;1195.0;1857081
705080;315554702;31555;31;76;none;all;0;5;1845.0;1908572
708903;315552902;31555;31;76;some;some;1;5;3468.2999999999997;1909793
780806;315553901;31555;31;76;none;all;0;5;1056.0;1932203
809645;315553703;31555;31;76;none;all;0;5;3820.5;1941177
904685;315552202;31555;31;76;all;all;1;5;1779.0;1970852
1022952;320130201;32013;32;76;all;all;1;5;1855.0;1998870
1101710;812190000;81219;81;76;all;all;2;5;943.5;6373891
454820;313030000;31303;31;76;some;some;2;2;2924.0;1843139
463761;313240000;31324;31;76;some;some;3;2;3014.538664152131;1844952
613621;311570102;31157;31;76;all;all;1;2;4185.0;1882437
863421;315550802;31555;31;76;some;all;1;2;1870.5;1957982
252820;112620502;11262;11;76;all;none;2;0;844.2;505051
427319;312320102;31232;31;76;all;none;2;0;2458.8;1836448
473897;311870104;31187;31;76;all;none;2;0;5980.8;1846990
990093;321600102;32160;32;76;all;none;2;0;355.2;1991026
1264164;821170000;82117;82;76;some;none;1;0;4001.4750791435777;6413946
1278283;821410000;82141;82;76;all;none;3;0;1442.5539571519553;6416768
71814;092250102;09225;09;76;some;none;1;0;1024.5;425159
649673;315730000;31573;31;76;some;none;1;0;2465.5383482526468;1892145
536580;314830101;31483;31;76;all;all;1;1;3593.0;1861147
638898;315570103;31557;31;76;all;all;1;1;72.0;1889932
1155948;810040501;81004;81;76;all;some;2;1;2532.0;6385626
1240938;820620000;82062;82;76;all;some;2;1;4769.611726353256;6409179
1286299;821670000;82167;82;76;all;some;3;1;4415.026865193379;6418372
72038;092250105;09225;09;76;all;none;1;0;1227.0;425226
585235;315610106;31561;31;76;some;none;1;0;234.0;1874485
1297760;821210801;82121;82;76;some;none;1;0;2491.5;6421219
795569;315554007;31555;31;76;none;all;0;7;1535.0;1936765
983166;323040000;32304;32;76;some;all;2;7;962.9752628643686;1989655
377200;311860000;31186;31;76;some;all;1;2;3849.0;1826424
987996;321600102;32160;32;76;some;some;2;2;1718.0;1990611
1093130;812170000;81217;81;76;some;some;2;2;3411.0720749788597;6372167
1166415;810040304;81004;81;76;all;all;2;2;2941.5;6388997
1030794;810370000;81037;81;76;all;all;3;3;1849.1104751658397;6357592
73959;092250101;09225;09;76;all;all;1;1;1500.0;425803
487530;314240103;31424;31;76;some;some;2;1;5590.0;1850763
987282;323340000;32334;32;76;some;some;2;1;9940.745538240724;1990473
1262219;821160000;82116;82;76;some;some;1;1;1577.388450814181;6413559
74837;110040000;11004;11;76;all;all;1;1;1304.2855232488864;461513
77705;110210000;11021;11;76;all;some;2;1;4470.598345459038;462088
211433;110690904;11069;11;76;some;some;1;1;1947.0;491911
308125;310690103;31069;31;76;all;all;1;1;526.0;1810266
416858;315260101;31526;31;76;all;some;2;1;241.20000000000002;1834349
520981;314450000;31445;31;76;all;all;1;1;482.0;1857930
631915;315880102;31588;31;76;all;all;1;1;1635.0;1887843
646276;315580000;31558;31;76;all;some;2;1;6913.262321476883;1891465
819457;315555503;31555;31;76;all;all;2;1;1045.0;1944259
946571;321190000;32119;32;76;all;some;2;1;340.5;1982336
1074786;811300000;81130;81;76;all;all;1;1;1773.5221963114445;6367932
1112685;812220000;81222;81;76;all;some;3;1;3626.6823021431123;6376077
1114501;812280000;81228;81;76;all;some;2;1;3782.6453719139167;6376443
1156526;810040801;81004;81;76;some;some;1;1;4689.0;6385813
1278937;821420000;82142;82;76;some;some;1;1;11447.943832205545;6416898
1288574;821790000;82179;82;76;all;some;3;1;405.71066671128403;6418825
1317239;821211101;82121;82;76;all;all;1;1;1503.0;6427395
74857;110120000;11012;11;76;none;none;0;0;1510.813466988918;461517
119666;112030106;11203;11;76;none;none;0;0;3638.0;471416
161692;113170000;11317;11;76;none;none;0;0;1494.306894388214;480695
298441;310690101;31069;31;76;none;none;0;0;2752.0;1807701
322136;311130103;31113;31;76;none;none;0;0;1107.0;1814027
710163;315554501;31555;31;76;none;none;0;0;1852.5;1910158
868212;315556002;31555;31;76;none;none;0;0;1570.0;1959461
1365505;812950000;81295;81;76;none;none;0;0;1121.9682234768393;8342240
75502;110130000;11013;11;76;all;some;2;1;4921.1925096369005;461648
342836;315060102;31506;31;76;all;all;1;1;1509.0;1819420
661799;315555502;31555;31;76;all;all;1;1;2216.0;1894977
1121576;812690000;81269;81;76;all;all;2;2;2419.1943570116327;6377867
76678;110130000;11013;11;76;all;some;2;1;2866.289119181185;461884
443432;313950101;31395;31;76;some;none;1;0;1633.5;1840281
965133;322080000;32208;32;76;some;none;3;0;1460.0;1986027
76927;110130000;11013;11;76;all;none;1;0;1123.7699918588967;461932
77140;110160000;11016;11;76;all;none;2;0;1699.1311204005567;461975
497601;314330104;31433;31;76;some;none;1;0;147.0;1853272
526756;314540000;31454;31;76;all;none;2;0;5290.5;1859083
887201;315555901;31555;31;76;none;none;0;0;2073.0;1965336
1057787;810990103;81099;81;76;all;none;1;0;1475.0;6363294
77197;110180000;11018;11;76;some;none;1;0;3324.294758457743;461987
104453;111060101;11106;11;76;all;none;1;0;633.0;468118
219448;110690202;11069;11;76;all;none;3;0;5419.5;494444
239842;112620103;11262;11;76;some;none;1;0;1036.5;500895
362998;314670101;31467;31;76;all;none;2;0;1924.5;1823575
369710;311160103;31116;31;76;some;none;1;0;1306.5;1824933
376604;311840000;31184;31;76;all;none;1;0;1561.580196766595;1826305
462598;313200000;31320;31;76;all;none;1;0;2942.2185087268317;1844721
618325;311570102;31157;31;76;all;none;1;0;2566.5;1883839
806254;315551303;31555;31;76;some;none;1;0;1459.5;1940086
989558;321600102;32160;32;76;all;none;1;0;1379.0;1990920
999729;323830000;32383;32;76;all;none;2;0;1532.8584682083654;1992950
1137277;812570102;81257;81;76;all;none;1;0;1260.0;6380967
1154647;810040402;81004;81;76;all;none;2;0;648.0;6385189
1155145;810040401;81004;81;76;all;none;1;0;1008.0;6385368
1194611;810650204;81065;81;76;all;none;1;0;2109.0;6397360
1219390;820250000;82025;82;76;all;none;1;0;2529.0;6403623
1298395;821211102;82121;82;76;all;none;2;0;595.5;6421415
1166843;810040304;81004;81;76;all;all;1;2;3068.0;6389141
1312645;821210701;82121;82;76;all;all;2;2;4230.0;6425948
327170;315060105;31506;31;76;all;none;2;0;2133.6;1815353
363446;311600000;31160;31;76;all;none;1;0;5693.129094549139;1823665
1289143;821860000;82186;82;76;all;none;3;0;3320.1000000000004;6418942
78095;110220000;11022;11;76;all;all;3;3;3402.541444317094;462166
408361;312320102;31232;31;76;some;all;1;3;3638.0;1832639
420974;312730000;31273;31;76;some;some;2;3;6100.0;1835179
1283596;821610000;82161;82;76;all;all;1;3;2712.9942225521218;6417831
1293617;821210502;82121;82;76;some;none;1;0;3133.5;6419921
78319;110240000;11024;11;76;some;all;1;2;2587.021801150892;462211
374227;311770000;31177;31;76;all;all;2;2;2415.448877524012;1825835
952311;321470000;32147;32;76;all;all;2;2;8.997764943359657;1983467
588631;315610101;31561;31;76;all;none;1;0;3321.0;1875545
939933;320830000;32083;32;76;all;none;1;0;2044.6959528529433;1981010
949354;321190000;32119;32;76;some;none;1;0;1819.5;1982884
1006641;324260000;32426;32;76;some;none;1;0;4382.192852903473;1994338
1286653;821760000;82176;82;76;all;none;1;0;2136.281213507878;6418442
1286955;821790000;82179;82;76;some;none;1;0;1157.7020378093353;6418503
133860;111450000;11145;11;76;all;some;2;2;3691.8;475124
486011;313580000;31358;31;76;all;some;2;2;5978.7;1850355
80836;110270000;11027;11;76;some;none;1;0;1744.300874455137;462721
83527;110360000;11036;11;76;all;none;1;0;67.86396005419341;463260
90352;110760102;11076;11;76;all;none;1;0;1987.0;464736
106087;110990000;11099;11;76;all;none;2;0;2215.5;468446
166272;113390000;11339;11;76;all;none;2;0;2423.2960801469967;481612
223447;110690902;11069;11;76;some;none;1;0;4105.5;495699
248520;112620104;11262;11;76;all;none;2;0;916.5;503688
486541;311870105;31187;31;76;all;none;1;0;2414.0;1850495
551425;311490802;31149;31;76;all;none;1;0;2077.0;1864720
1171735;810040304;81004;81;76;some;none;1;0;4741.5;6390714
86689;110370000;11037;11;76;all;none;2;0;1171.1103401289038;463894
161239;113100000;11310;11;76;all;none;2;0;2568.7308762646926;480605
197918;114260000;11426;11;76;all;none;1;0;2838.4467704468175;487947
243903;112620505;11262;11;76;all;none;1;0;18.0;502185
476957;311870106;31187;31;76;all;none;2;0;3331.5;1847811
608339;314460105;31446;31;76;all;none;1;0;333.0;1880761
1258721;821110000;82111;82;76;all;none;2;0;1116.1401645837195;6412860
218923;110690902;11069;11;76;none;some;0;2;1812.8000000000002;494280
659325;315554402;31555;31;76;all;all;1;2;2647.5;1894196
935734;320350000;32035;32;76;some;some;2;2;3173.388830197837;1980164
88447;110760104;11076;11;76;none;none;0;0;2566.0;464250
202401;110690101;11069;11;76;none;none;0;0;1219.0;489061
89286;110760102;11076;11;76;some;some;1;2;791.7;464466
89823;110400000;11040;11;76;all;none;1;0;1199.142898764147;464602
135508;111490000;11149;11;76;all;none;1;0;2286.216634000012;475458
148406;112550000;11255;11;76;all;none;1;0;2881.2455540587134;478043
178604;112660103;11266;11;76;all;none;1;0;1999.0;484076
223107;110690203;11069;11;76;all;none;1;0;1247.0;495597
934656;320270000;32027;32;76;all;none;2;0;3999.328492181147;1979947
955394;321670000;32167;32;76;all;none;1;0;1341.3645911601452;1984080
1254998;821000000;82100;82;76;all;none;3;0;3160.102889437095;6412112
240633;112620301;11262;11;76;all;all;1;3;527.0;501150
624005;311570101;31157;31;76;all;some;1;1;2401.5;1885511
1127899;812710103;81271;81;76;all;some;2;1;797.4;6379113
91881;110760104;11076;11;76;none;all;0;1;743.0;465139
93754;110760102;11076;11;76;all;all;1;1;788.0;465644
94195;110760105;11076;11;76;all;none;1;0;872.0;465758
1023501;320130601;32013;32;76;some;none;1;0;5330.0;1999042
98675;110680000;11068;11;76;all;some;2;1;68.56152924044781;466932
267877;310350000;31035;31;76;all;some;2;1;2562.2721585565823;1801144
1373338;810650206;81065;81;76;none;all;0;1;1032.0;8344088
133313;111400000;11140;11;76;some;none;1;0;2154.456187187798;474991
143913;112020000;11202;11;76;some;none;1;0;2764.5;477148
182094;113530000;11353;11;76;all;none;2;0;2096.4059295301536;484764
185599;113550000;11355;11;76;all;none;1;0;1178.9146047803802;485459
99832;110700000;11070;11;76;all;none;1;0;1585.2432424222877;467174
328519;311180000;31118;31;76;all;none;1;0;1448.0;1815706
331237;315060102;31506;31;76;all;none;1;0;1174.0;1816401
954749;321070101;32107;32;76;all;none;1;0;1405.0;1983950
1239820;821120101;82112;82;76;all;none;1;0;77.0;6408847
158418;112930000;11293;11;76;none;all;0;1;2230.4753865396606;480044
308265;310690105;31069;31;76;all;some;2;1;5139.0;1810300
399794;312480000;31248;31;76;some;some;1;1;5867.299999999999;1830935
407146;312540000;31254;31;76;all;some;2;1;2700.0;1832397
423366;312760000;31276;31;76;all;some;1;1;1866.4275534529131;1835660
804747;315554401;31555;31;76;all;some;1;1;4543.5;1939628
825787;315550801;31555;31;76;none;all;0;1;1596.0;1946216
1271875;821340000;82134;82;76;all;some;2;1;2043.3000000000002;6415486
1363997;320130601;32013;32;76;none;all;0;1;846.0;8154114
103069;110840000;11084;11;76;all;all;1;2;1990.7577708724925;467835
479393;314990101;31499;31;76;all;some;2;2;6030.0;1848494
1319603;821210403;82121;82;76;all;all;1;2;2135.9;6428130
105255;110880000;11088;11;76;some;none;1;0;7342.3820115951585;468279
436273;313950104;31395;31;76;all;none;1;0;245.0;1838487
196749;114250000;11425;11;76;all;some;2;1;4196.209422998584;487708
1180646;810600101;81060;81;76;none;some;0;1;2938.5;6392946
1227961;820330102;82033;82;76;some;some;1;1;2910.0;6405896
624452;315570101;31557;31;76;all;some;2;2;1867.1999999999998;1885645
1282812;821610000;82161;82;76;all;all;2;2;307.1003910558269;6417675
157023;112840000;11284;11;76;all;none;1;0;2510.476193540029;479768
273653;310480000;31048;31;76;all;none;2;0;6569.402772743681;1802315
456845;313030000;31303;31;76;all;none;2;0;796.0;1843586
610184;314460102;31446;31;76;all;none;1;0;2305.0;1881365
105435;110950000;11095;11;76;all;some;2;2;5565.288837825476;468315
192554;113970101;11397;11;76;some;some;1;2;3180.8999999999996;486860
365632;314670101;31467;31;76;all;some;2;2;3313.8;1824108
600809;315160000;31516;31;76;all;some;2;2;3735.00407644046;1878663
341389;311130102;31113;31;76;all;all;1;2;1479.0;1819044
655509;315740000;31574;31;76;some;some;1;2;7945.965117687828;1893308
1014489;320130401;32013;32;76;all;all;1;2;4190.0;1996224
1044151;810790000;81079;81;76;some;some;1;2;302.9166178741477;6360284
246307;112620104;11262;11;76;none;some;0;1;322.5;502968
370377;311620000;31162;31;76;all;some;2;1;2750.7154404109942;1825069
684640;315550901;31555;31;76;none;all;0;1;4399.0;1902164
1083984;812090000;81209;81;76;all;all;1;2;139.0;6369774
114046;110990000;11099;11;76;all;none;2;0;1837.5;470057
944984;320960000;32096;32;76;all;some;2;1;3987.9628729476476;1982016
1306421;821210403;82121;82;76;all;none;3;0;3994.0;6423949
672025;315555601;31555;31;76;all;some;2;1;4744.5;1898198
1327795;114380000;11438;11;76;none;all;0;1;2451.5299546649535;8081095
1241063;821120102;82112;82;76;all;some;1;1;976.3000000000001;6409216
1380505;821210502;82121;82;76;none;all;0;1;1299.0;8345883
134623;111450000;11145;11;76;none;none;0;0;754.0;475279
843927;315554801;31555;31;76;none;none;0;0;2680.0;1951933
1193200;810650301;81065;81;76;none;none;0;0;2004.0;6396922
1335062;315820000;31582;31;76;none;none;0;0;513.0;8146915
287806;310700000;31070;31;76;some;none;3;0;118.22536160465826;1805157
122548;112030103;11203;11;76;none;none;0;0;1074.0;472183
123601;112030103;11203;11;76;none;none;0;0;1449.0;472472
212874;110690103;11069;11;76;none;none;0;0;1849.0;492363
270581;310330101;31033;31;76;none;none;0;0;881.0;1801693
1010954;324620000;32462;32;76;none;none;0;0;161.0;1995201
1246953;820850000;82085;82;76;none;none;0;0;1580.3364387757679;6410501
1269067;821190000;82119;82;76;none;none;0;0;1979.4520516865903;6414923
263210;310330103;31033;31;76;all;all;1;4;286.0;1800194
488125;311870105;31187;31;76;some;some;2;1;4994.0;1850922
127182;112060102;11206;11;76;all;none;1;0;1049.0;473418
340867;315060106;31506;31;76;all;none;1;0;1838.0;1818900
470889;313510000;31351;31;76;some;none;1;0;3927.0;1846350
674830;315551803;31555;31;76;some;none;1;0;3495.0;1899049
127200;111240000;11124;11;76;none;none;0;0;901.9538127656782;473421
137514;111670000;11167;11;76;none;none;0;0;2254.45599424286;475864
425358;312910101;31291;31;76;none;none;0;0;1439.0;1836059
556490;311490101;31149;31;76;none;none;0;0;2128.0;1866207
557278;311491001;31149;31;76;none;none;0;0;704.0;1866445
572449;311490301;31149;31;76;none;none;0;0;2368.0;1870967
679171;315552103;31555;31;76;none;none;0;0;1239.0;1900421
904631;315554001;31555;31;76;none;none;0;0;9697.5;1970834
1004595;324120000;32412;32;76;none;none;0;0;1742.0908214345386;1993933
1095000;810210104;81021;81;76;none;none;0;0;1734.0;6372567
1179044;810600101;81060;81;76;none;none;0;0;1045.0;6392625
1225713;820330102;82033;82;76;none;none;0;0;4849.5;6405271
1252322;820960000;82096;82;76;none;none;0;0;3526.2000000000003;6411579
1324650;092250106;09225;09;76;none;none;0;0;597.0;8078469
1364252;320130204;32013;32;76;none;none;0;0;1865.0;8154183
128036;112060103;11206;11;76;all;all;1;1;950.0;473636
341429;311350000;31135;31;76;all;none;1;0;990.0;1819054
1068380;811050101;81105;81;76;all;none;2;0;2254.5;6366382
1246374;820760000;82076;82;76;all;none;1;0;1630.5240671215408;6410386
277036;310480000;31048;31;76;some;none;1;0;2964.7489159083066;1803001
438399;313950108;31395;31;76;all;none;1;0;499.0;1839025
782476;315552701;31555;31;76;all;all;1;3;1361.6000000000001;1932732
1139273;812570103;81257;81;76;all;none;2;0;3985.5;6381361
1261130;821150000;82115;82;76;some;none;2;0;3368.447189318142;6413342
1298235;821210303;82121;82;76;all;none;1;0;1416.0;6421359
224838;112620206;11262;11;76;some;none;1;0;1170.0;496151
441688;315470102;31547;31;76;all;none;1;0;369.0;1839853
322399;311170000;31117;31;76;some;some;2;2;7622.0;1814102
730299;315553802;31555;31;76;all;all;1;2;4755.0;1916423
138315;111700000;11170;11;76;all;all;1;1;167.0;476026
547782;314840000;31484;31;76;all;all;1;1;134.42012829863785;1863823
933416;320050000;32005;32;76;all;some;2;1;3595.897998290229;1979697
138659;111700000;11170;11;76;all;none;2;0;1671.0;476096
334409;311130105;31113;31;76;some;none;2;0;6908.0;1817224
386158;312020000;31202;31;76;all;none;1;0;2252.0;1828227
443750;313950106;31395;31;76;all;none;2;0;225.0;1840363
889622;315554005;31555;31;76;all;none;2;0;1150.0;1966091
977329;322730000;32273;32;76;some;none;1;0;4129.388020526261;1988488
1294838;821210303;82121;82;76;some;none;1;0;310.5;6420304
824083;315553401;31555;31;76;all;all;1;2;2566.0;1945677
945069;320960000;32096;32;76;all;some;2;1;1799.8870067432856;1982034
1201688;811630102;81163;81;76;all;all;1;1;1208.0;6399602
140464;111780000;11178;11;76;all;none;1;0;1195.2610796055822;476459
337918;311330000;31133;31;76;some;none;1;0;2196.9232085716294;1818134
657406;315790000;31579;31;76;some;none;1;0;2371.519223398035;1893687
922521;315555802;31555;31;76;all;none;1;0;971.0;1976356
367405;311600000;31160;31;76;all;some;2;1;2871.5735587396334;1824462
482395;314240105;31424;31;76;all;all;1;1;2024.0;1849335
827714;315552501;31555;31;76;some;some;1;1;3717.0;1946823
1074592;811280000;81128;81;76;all;all;2;1;1110.4246997400235;6367893
141337;111880000;11188;11;76;all;all;1;2;2185.423039899939;476635
360268;311160103;31116;31;76;some;some;1;1;2410.0;1823017
258663;310210000;31021;31;76;all;none;2;0;5078.764380759851;1799269
695327;315551001;31555;31;76;none;none;0;0;2694.0;1905517
1367711;813030000;81303;81;76;none;none;0;0;2015.7572486424763;8342734
1240114;820620000;82062;82;76;all;all;1;1;795.2037605553702;6408934
146038;112140000;11214;11;76;all;all;1;3;176.338316416914;477569
303831;310980000;31098;31;76;all;all;2;3;2835.364731954279;1809120
1008549;324620000;32462;32;76;all;all;2;3;613.8000000000001;1994720
1082245;811900000;81190;81;76;all;all;1;3;2293.61776189989;6369422
1146972;812890000;81289;81;76;some;all;1;3;2799.0;6382928
243726;112620501;11262;11;76;all;none;2;0;517.5;502131
611590;314460102;31446;31;76;some;none;1;0;421.2;1881808
323596;311130105;31113;31;76;all;all;2;2;415.5;1814418
467459;313440000;31344;31;76;all;all;2;2;2075.7431925934725;1845677
492937;311870105;31187;31;76;all;all;2;2;4648.5;1852250
605572;314460106;31446;31;76;all;all;2;2;951.0;1879890
713138;315555401;31555;31;76;some;all;1;2;3985.5;1911058
800176;315552802;31555;31;76;some;all;1;2;3729.0;1938204
1080903;811770000;81177;81;76;all;all;3;2;2341.6001554543695;6369152
147371;112430000;11243;11;76;some;none;1;0;5345.237097214737;477834
297458;310690105;31069;31;76;all;none;1;0;4045.5;1807438
302731;310910000;31091;31;76;all;none;2;0;4528.5;1808832
437226;315470103;31547;31;76;all;none;1;0;2946.0;1838730
550556;314900000;31490;31;76;all;none;2;0;5259.0;1864485
1055551;811100000;81110;81;76;all;none;2;0;3873.040105469131;6362600
636506;315570105;31557;31;76;all;all;1;3;2069.0;1889230
647377;315600000;31560;31;76;all;all;3;3;3922.8582672680486;1891682
990622;321600101;32160;32;76;all;all;2;3;2053.5;1991130
195903;114250000;11425;11;76;all;none;2;0;1941.115936301304;487536
151654;112720000;11272;11;76;none;all;0;2;3624.400143734341;478696
212217;110690102;11069;11;76;none;all;0;2;1239.0;492148
680789;315554501;31555;31;76;none;all;0;2;2774.0;1900942
704717;315553702;31555;31;76;none;all;0;2;931.0;1908444
1082393;811960000;81196;81;76;none;all;0;2;1233.8469040101447;6369452
1164374;810040203;81004;81;76;none;all;0;2;478.0;6388336
1243274;820740000;82074;82;76;none;all;0;2;3577.4757598199326;6409761
1333410;112620206;11262;11;76;none;all;0;2;678.0;8082335
1368952;811200102;81120;81;76;none;all;0;2;2404.0;8343006
1370242;813060000;81306;81;76;none;all;0;2;1664.6631784856688;8343274
1370334;813250000;81325;81;76;none;all;0;2;1564.410340158507;8343293
153501;112730000;11273;11;76;some;none;2;0;6028.504527131533;479064
841848;315553702;31555;31;76;all;none;1;0;1815.0;1951295
984001;323110000;32311;32;76;all;none;1;0;2521.288850241408;1989821
292339;310790000;31079;31;76;all;none;1;0;2620.0;1806068
444287;315470102;31547;31;76;all;none;2;0;856.0;1840506
1068735;811050103;81105;81;76;all;none;1;0;1237.0;6366485
1086379;812100000;81210;81;76;all;none;1;0;3039.2454967110652;6370328
1311106;821210101;82121;82;76;all;none;2;0;3244.5;6425449
738758;315551901;31555;31;76;all;all;2;3;4932.0;1919065
980017;322860000;32286;32;76;some;all;2;3;1524.372355284311;1989026
1108403;812200000;81220;81;76;all;all;1;3;533.0;6375226
1236823;821120102;82112;82;76;all;all;2;3;522.0;6407933
1271515;821270000;82127;82;76;all;all;2;3;2472.8286117267876;6415414
153663;112790000;11279;11;76;all;none;2;0;1556.133260167463;479095
632761;315880102;31588;31;76;some;none;1;0;3682.5;1888097
1095737;812180000;81218;81;76;all;none;2;0;1104.5746659174345;6372710
480024;311870106;31187;31;76;some;all;1;2;2556.0;1848674
1184630;810650403;81065;81;76;all;all;1;2;904.0;6394189
1196845;810650801;81065;81;76;all;all;1;2;1020.0;6398081
155434;112790000;11279;11;76;none;none;0;0;1392.5954395607068;479448
224058;110690301;11069;11;76;some;none;1;0;5100.0;495894
671040;315555802;31555;31;76;none;none;0;0;4312.0;1897885
1049550;810950000;81095;81;76;some;none;1;0;3294.357619957704;6361375
551016;314170103;31417;31;76;some;none;1;0;5443.2;1864599
798046;315552501;31555;31;76;all;none;1;0;1149.2;1937528
158470;112950000;11295;11;76;some;all;1;2;2501.7553894768052;480055
525142;314480000;31448;31;76;all;all;2;2;8621.875253855547;1858762
680603;315550801;31555;31;76;none;all;0;2;2323.0;1900880
973591;322420000;32242;32;76;all;all;1;2;1615.9633424033118;1987736
635039;311570102;31157;31;76;some;all;1;2;1813.5;1888801
1185638;810650101;81065;81;76;all;all;1;2;2719.0;6394515
159583;113040000;11304;11;76;some;none;1;0;1351.5;480276
572340;311490501;31149;31;76;some;none;1;0;324.0;1870933
1159490;810040202;81004;81;76;none;none;0;0;1309.0;6386749
1249120;820940000;82094;82;76;all;none;2;0;1231.8598899464691;6410938
160810;113040000;11304;11;76;all;all;1;1;576.0;480520
160844;113040000;11304;11;76;all;none;1;0;1015.0;480527
1217742;820120000;82012;82;76;all;some;3;1;3010.6506162013147;6403295
1274802;821340000;82134;82;76;all;some;2;1;2632.5;6416068
481672;314240103;31424;31;76;all;all;2;2;5338.5;1849130
272472;310410000;31041;31;76;all;all;1;1;2685.1152107846533;1802077
373274;311650000;31165;31;76;all;some;1;1;2988.0;1825647
378319;311880000;31188;31;76;all;some;2;1;2009.358302558383;1826648
382675;311930000;31193;31;76;all;some;2;1;2274.923251393225;1827527
517434;314510102;31451;31;76;all;some;1;1;1110.0;1857219
538735;314580000;31458;31;76;all;all;1;1;1708.0;1861667
985868;321600101;32160;32;76;all;some;2;1;3084.0;1990193
1084869;812090000;81209;81;76;all;all;1;1;303.0;6369950
1203564;811630106;81163;81;76;all;some;1;1;2605.5;6400173
1213504;820370102;82037;82;76;all;some;1;1;1141.5;6402451
1249116;820940000;82094;82;76;all;some;2;1;1862.5998317744347;6410938
929671;315553703;31555;31;76;all;all;1;2;932.0;1978569
1027244;810330000;81033;81;76;all;all;2;2;4245.0;6356889
1112800;812220000;81222;81;76;all;all;2;2;1414.4749891185693;6376101
164600;113370000;11337;11;76;all;none;2;0;3025.570260930046;481276
340858;311130101;31113;31;76;all;none;1;0;1147.0;1818898
904095;315551101;31555;31;76;some;none;1;0;3139.5;1970684
1014013;320130201;32013;32;76;all;none;1;0;1301.0;1996073
1146916;812850000;81285;81;76;some;none;1;0;2236.6684053018907;6382917
566722;311490601;31149;31;76;all;all;1;4;2048.0;1869273
586610;315610104;31561;31;76;all;all;3;4;1174.0;1874916
169329;113510000;11351;11;76;some;some;2;1;3812.6205402136743;482224
524699;314510101;31451;31;76;all;some;2;1;1461.0;1858673
400729;312520000;31252;31;76;none;some;0;1;2642.0070497566526;1831121
519767;314390000;31439;31;76;all;some;3;1;4465.175950682795;1857687
535508;314580000;31458;31;76;all;some;2;1;841.5;1860884
655636;315740000;31574;31;76;all;all;1;1;2382.7300085931365;1893334
708707;315553702;31555;31;76;some;some;2;1;82.5;1909732
1082735;812090000;81209;81;76;all;some;2;1;640.5;6369522
1203020;811630103;81163;81;76;all;some;2;1;1909.5;6400006
261788;310230000;31023;31;76;all;all;1;2;1223.8606705409961;1799903
334444;311200000;31120;31;76;all;all;2;2;3186.2756806295847;1817235
655460;315730000;31573;31;76;all;all;1;2;1837.6966928501845;1893299
849340;315552801;31555;31;76;some;all;1;2;4744.5;1953611
1150319;810040303;81004;81;76;some;all;1;2;3622.5;6383808
178729;112660103;11266;11;76;all;all;1;3;1916.0;484101
1090176;811400101;81140;81;76;all;all;1;3;1298.0;6371355
941064;320830000;32083;32;76;all;some;1;1;2801.086179759008;1981234
186439;113560000;11356;11;76;all;none;1;0;832.8525502883145;485627
309525;311000000;31100;31;76;all;some;2;4;3549.6;1810629
517070;314290000;31429;31;76;all;all;2;4;6220.8;1857145
559333;311490301;31149;31;76;all;all;1;4;1867.0;1867053
564404;311490601;31149;31;76;all;all;2;4;1591.0;1868582
914102;315554805;31555;31;76;none;all;0;4;2203.0;1973760
969575;322130000;32213;32;76;all;all;1;4;1743.0574484268668;1986935
1099869;810210104;81021;81;76;some;all;2;4;1158.0;6373524
562802;311490402;31149;31;76;all;none;1;0;2518.0;1868097
641540;315190000;31519;31;76;all;none;1;0;3330.640830279624;1890516
588561;314880101;31488;31;76;all;some;2;2;10630.599999999999;1875524
188617;113960000;11396;11;76;all;none;1;0;1272.0077806635343;486064
368921;310220102;31022;31;76;all;none;2;0;144.0;1824775
509357;314090000;31409;31;76;some;none;1;0;2053.5;1855607
189459;114040000;11404;11;76;all;all;1;1;2046.6091304961149;486235
980191;322900000;32290;32;76;all;all;1;1;1426.9540098905522;1989061
1197236;810650902;81065;81;76;all;some;1;1;315.0;6398211
1238478;821120101;82112;82;76;all;all;1;1;330.0;6408430
382160;311920000;31192;31;76;some;none;1;0;4361.757885728297;1827423
242012;112620102;11262;11;76;some;none;1;0;241.20000000000002;501590
853495;315554805;31555;31;76;all;all;1;2;1912.0;1954916
891191;315554702;31555;31;76;all;all;1;2;191.0;1966581
976128;322530000;32253;32;76;some;some;1;2;6011.254789626234;1988248
1155161;810040101;81004;81;76;none;all;0;2;953.0;6385373
192723;114110000;11411;11;76;all;all;1;1;303.59383985383715;486893
597844;310440105;31044;31;76;all;some;2;1;4540.5;1877930
770129;315554801;31555;31;76;all;all;1;1;1264.0;1928878
928869;315553802;31555;31;76;all;all;1;2;2851.0;1978303
1074866;811440000;81144;81;76;all;all;1;3;196.0;6367947
205673;110690404;11069;11;76;all;some;3;1;1677.0;490098
934167;320120000;32012;32;76;all;all;1;1;1709.506918076063;1979849
455196;313950110;31395;31;76;all;all;1;4;619.0;1843233
213050;110690702;11069;11;76;all;all;1;2;910.0;492416
306490;310690108;31069;31;76;none;some;0;2;1396.8;1809830
671348;315554702;31555;31;76;none;none;0;0;2257.0;1897974
744846;315556002;31555;31;76;none;none;0;0;4036.5;1920923
777281;315552303;31555;31;76;none;none;0;0;1756.0;1931126
892144;315554803;31555;31;76;none;none;0;0;3365.0;1966887
900018;315550202;31555;31;76;none;none;0;0;5991.0;1969397
905328;315554701;31555;31;76;none;none;0;0;2460.0;1971052
1347682;314170103;31417;31;76;none;none;0;0;1813.0;8149725
1354792;315550701;31555;31;76;none;none;0;0;1418.0;8151788
1370715;810040102;81004;81;76;none;none;0;0;3373.0;8343368
432496;312930000;31293;31;76;all;none;1;0;2158.4101787174513;1837550
219513;110690703;11069;11;76;all;none;2;0;2109.0;494464
402729;311690102;31169;31;76;all;none;2;0;2740.5;1831518
211179;110690402;11069;11;76;all;all;1;4;1748.0;491833
1010543;324620000;32462;32;76;some;all;1;4;739.5;1995118
1288231;821790000;82179;82;76;all;all;3;4;1989.2882363851127;6418758
211954;110690202;11069;11;76;none;all;0;1;1760.0;492066
613655;315880102;31588;31;76;none;some;0;1;4366.5;1882447
212382;110690801;11069;11;76;none;none;0;0;1295.0;492207
921821;315550102;31555;31;76;none;none;0;0;1596.0;1976144
214700;110690302;11069;11;76;some;none;1;0;2809.5;492946
901201;315551101;31555;31;76;some;none;1;0;3694.5;1969776
216037;110690203;11069;11;76;none;none;0;0;1855.0;493358
956468;321740000;32174;32;76;none;none;0;0;964.7893584424062;1984289
1344266;311870106;31187;31;76;none;none;0;0;1936.0;8148903
1358256;315555001;31555;31;76;none;none;0;0;1343.0;8152849
226067;112620101;11262;11;76;none;none;0;0;513.0;496535
1327734;114360000;11436;11;76;none;none;0;0;1152.1537982431141;8081083
563876;311490401;31149;31;76;some;some;1;1;984.0;1868425
1013191;320130202;32013;32;76;all;all;1;1;1363.0;1995819
1029391;810360000;81036;81;76;all;some;3;1;5627.127332424353;6357313
411515;312700000;31270;31;76;all;all;2;2;2579.5545509633735;1833273
724591;315554007;31555;31;76;all;all;1;2;4684.0;1914640
592462;310440108;31044;31;76;all;all;2;2;2667.0;1876546
225750;112620502;11262;11;76;all;all;1;1;98.0;496433
226719;112620103;11262;11;76;none;none;0;0;419.0;496740
282095;310520000;31052;31;76;none;none;0;0;1809.4522824004607;1804013
679405;315551302;31555;31;76;none;none;0;0;685.5;1900489
1362325;324650000;32465;32;76;none;none;0;0;3145.097346498383;8153730
227557;112620302;11262;11;76;none;none;0;0;610.0;497009
350385;311380000;31138;31;76;none;none;0;0;1516.0414794466708;1820982
684839;315550901;31555;31;76;none;none;0;0;2195.0;1902236
761823;315551301;31555;31;76;none;none;0;0;1212.0;1926251
804884;315553803;31555;31;76;none;none;0;0;1136.1000000000001;1939673
1147150;812940000;81294;81;76;none;none;0;0;1402.740124058448;6382965
1179746;810600101;81060;81;76;none;none;0;0;2565.0;6392764
1324630;092250106;09225;09;76;none;none;0;0;2893.0;8078465
1340907;313950101;31395;31;76;none;none;0;0;4.0;8148196
229983;112620401;11262;11;76;none;none;0;0;278.0;497776
656256;315750000;31575;31;76;none;none;0;0;4447.727902482167;1893458
690962;315554004;31555;31;76;none;none;0;0;4246.0;1904152
919300;315551805;31555;31;76;none;none;0;0;1636.0;1975381
1115801;812450000;81245;81;76;none;none;0;0;1697.5423350595188;6376707
230085;112620505;11262;11;76;all;all;1;2;533.0;497814
886878;315553501;31555;31;76;some;all;1;2;1939.5;1965230
1135386;812570102;81257;81;76;some;all;1;2;4741.5;6380594
233001;112620206;11262;11;76;all;none;1;0;691.0;498743
1253093;820980000;82098;82;76;some;none;1;0;3663.813957227273;6411733
235396;112620101;11262;11;76;none;none;0;0;725.0;499478
317838;310690104;31069;31;76;none;none;0;0;1055.0;1812880
452357;313950103;31395;31;76;none;none;0;0;696.0;1842543
610750;314460101;31446;31;76;none;none;0;0;1022.0;1881548
669864;315553803;31555;31;76;none;none;0;0;1044.0;1897519
674372;315553901;31555;31;76;none;none;0;0;6251.400000000001;1898918
822087;315554801;31555;31;76;none;none;0;0;1258.0;1945082
1324797;092250103;09225;09;76;none;none;0;0;2005.0;8078501
1336981;315840000;31584;31;76;none;none;0;0;1591.0;8147349
1353353;315552802;31555;31;76;none;none;0;0;1031.0;8151207
235903;112620206;11262;11;76;all;all;1;2;653.0;499630
1217766;820250000;82025;82;76;all;none;1;0;3880.5;6403300
239383;112620602;11262;11;76;all;all;1;1;364.0;500741
359387;311160101;31116;31;76;some;some;1;1;2896.5;1822830
240748;112620201;11262;11;76;all;all;1;1;552.0;501186
435202;312930000;31293;31;76;all;some;2;1;3645.5745072490313;1838218
1109975;811200102;81120;81;76;all;some;2;2;3574.8;6375540
242613;112620206;11262;11;76;all;all;3;2;672.0;501774
246002;112620104;11262;11;76;some;some;1;1;34.5;502863
916977;315550202;31555;31;76;none;all;0;1;2642.0;1974652
1208116;820370102;82037;82;76;all;all;1;3;49.0;6401381
775984;315551701;31555;31;76;none;none;0;0;1336.4;1930705
289261;310750000;31075;31;76;all;none;1;0;1354.602382260985;1805450
494626;313580000;31358;31;76;all;none;2;0;7375.5;1852685
645266;315410000;31541;31;76;all;none;2;0;3042.0;1891261
404732;312520000;31252;31;76;all;all;2;2;5789.045202355203;1831916
574057;311490401;31149;31;76;all;all;1;2;1481.0;1871451
1151464;810040802;81004;81;76;all;all;2;2;4585.5;6384185
1203872;811630104;81163;81;76;all;all;1;2;1975.5;6400265
1235803;821120102;82112;82;76;all;all;1;2;1084.5;6407626
1341615;313950110;31395;31;76;none;all;0;2;395.0;8148349
249560;112620505;11262;11;76;none;all;0;1;64.0;504015
728815;315551001;31555;31;76;none;all;0;1;2500.0;1915940
366561;311600000;31160;31;76;all;all;1;2;3359.21921546018;1824295
1064626;811150000;81115;81;76;all;some;1;1;1250.0432831182306;6365312
295536;310850000;31085;31;76;all;all;1;2;1655.2651392371554;1806920
790585;315554801;31555;31;76;some;some;1;2;1886.4;1935259
253638;310040000;31004;31;76;some;all;1;3;2346.0;1798252
648512;315630000;31563;31;76;all;all;1;2;3327.883652857649;1891911
860202;315553802;31555;31;76;all;all;1;2;1613.0;1957002
974769;322440000;32244;32;76;all;all;3;2;2382.665016943543;1987972
487928;313580000;31358;31;76;some;some;2;1;3168.0;1850874
1324763;092250106;09225;09;76;none;all;0;1;42.0;8078492
255064;310330101;31033;31;76;all;all;1;1;481.0;1798544
255341;310050000;31005;31;76;all;none;1;0;1645.5377298533006;1798601
1246005;820750000;82075;82;76;all;none;2;0;1133.0;6410312
290281;310760000;31076;31;76;all;all;2;6;2476.279426177178;1805653
1070725;811050101;81105;81;76;all;all;2;6;2325.0;6367060
1195147;810650701;81065;81;76;all;all;1;6;396.0;6397533
1250909;820960000;82096;82;76;all;all;3;3;6602.0;6411300
441782;313950104;31395;31;76;all;all;1;2;525.0;1839878
571261;311490601;31149;31;76;all;some;3;2;412.0;1870609
1062985;810990103;81099;81;76;some;all;1;2;2656.5;6364840
1096123;812180000;81218;81;76;all;all;2;2;3395.8809800193403;6372786
352065;311440000;31144;31;76;all;all;1;2;1531.2572399260337;1821329
317826;311070000;31107;31;76;all;all;1;4;1405.0;1812876
371296;311630000;31163;31;76;all;all;3;4;4577.497075291579;1825253
622693;315880102;31588;31;76;all;all;3;4;3772.0;1885120
260286;310230000;31023;31;76;all;some;2;1;5256.375046850517;1799596
579513;315610106;31561;31;76;all;some;2;1;1003.5;1872734
821732;315553802;31555;31;76;none;all;0;3;1848.0;1944974
664192;315554801;31555;31;76;all;all;1;1;953.0;1895730
703793;315554502;31555;31;76;all;all;1;1;826.0;1908171
779677;315554901;31555;31;76;all;all;2;1;1890.0;1931855
889861;315551801;31555;31;76;all;all;1;1;1920.0;1966161
1371048;810040402;81004;81;76;none;all;0;1;1653.0;8343441
1195058;810650201;81065;81;76;all;none;1;0;1706.0;6397504
894288;315551805;31555;31;76;all;all;1;3;3531.0;1967572
966586;321320102;32132;32;76;all;all;1;3;1898.0;1986327
271401;310360000;31036;31;76;none;none;0;0;2567.4197655912817;1801858
737354;315552501;31555;31;76;none;none;0;0;4232.0;1918629
1036681;810740000;81074;81;76;none;none;0;0;3223.0628817563984;6358771
1097013;812180000;81218;81;76;none;none;0;0;2691.728117242187;6372960
1171817;810040302;81004;81;76;none;none;0;0;1048.0;6390740
1205870;811630107;81163;81;76;none;none;0;0;1602.0;6400881
1302948;821210401;82121;82;76;none;none;0;0;1404.0;6422851
1378945;821900000;82190;82;76;none;none;0;0;1513.0;8345410
643709;315230000;31523;31;76;all;all;1;3;1714.7477027441385;1890949
749024;315551101;31555;31;76;all;all;1;2;333.0;1922236
774666;315554004;31555;31;76;none;all;0;2;2737.0;1930306
996485;323700000;32370;32;76;none;all;0;2;1219.9282677243036;1992297
1335339;315840000;31584;31;76;none;all;0;2;2474.0;8146972
439715;312990000;31299;31;76;all;some;2;1;3330.0;1839355
662112;315554003;31555;31;76;all;all;1;1;1806.0;1895078
1194729;810650203;81065;81;76;all;all;1;1;1480.0;6397398
275911;310480000;31048;31;76;all;none;1;0;2747.333829887041;1802775
338811;315060101;31506;31;76;all;none;1;0;2699.0;1818365
474289;314240104;31424;31;76;all;none;1;0;4806.0;1847096
496685;313720000;31372;31;76;all;none;2;0;4861.471014754096;1853090
506617;314020000;31402;31;76;all;none;1;0;3266.9164705110634;1855061
506671;314070000;31407;31;76;all;none;1;0;2534.7564528691564;1855071
536444;314580000;31458;31;76;all;none;2;0;385.5;1861115
722224;315551803;31555;31;76;all;none;1;0;2706.0;1913890
739447;315554003;31555;31;76;all;none;1;0;1959.0;1919275
931488;315555503;31555;31;76;all;none;1;0;6718.5;1979138
1309824;821211101;82121;82;76;all;none;2;0;4507.5;6425037
1158449;810040302;81004;81;76;all;none;1;0;1134.0;6386416
277661;310500000;31050;31;76;some;none;1;0;1893.722217901347;1803124
581160;314880104;31488;31;76;all;all;2;2;2749.5;1873248
876741;315550101;31555;31;76;all;all;1;2;1499.0;1962100
1034886;810620000;81062;81;76;all;all;2;2;3888.8921175674805;6358411
283474;310530000;31053;31;76;all;all;1;1;3016.005953484727;1804287
380225;311880000;31188;31;76;all;all;1;1;1754.3266975966717;1827033
937655;320770000;32077;32;76;all;all;1;1;3389.1793041121305;1980550
1013723;320130501;32013;32;76;all;all;1;1;940.0;1995988
1074595;811290000;81129;81;76;all;all;2;1;2055.0694304093167;6367893
284285;310650000;31065;31;76;some;some;1;1;4182.0;1804448
901135;315551602;31555;31;76;all;all;1;1;1255.0;1969760
285450;310650000;31065;31;76;some;none;1;0;4029.0;1804681
582764;314880101;31488;31;76;all;none;2;0;7224.0;1873733
998984;323820000;32382;32;76;all;none;1;0;1915.8906336306318;1992798
1080745;811680000;81168;81;76;all;none;2;0;2521.3925265320877;6369119
1281996;821610000;82161;82;76;all;none;2;0;3034.5395827977704;6417513
286738;310660000;31066;31;76;all;none;1;0;2537.0;1804941
856035;315551301;31555;31;76;all;none;1;0;3143.0;1955698
294197;310690103;31069;31;76;none;none;0;0;3435.9;1806559
758174;315551103;31555;31;76;none;all;0;2;4411.5;1925126
760023;315554603;31555;31;76;none;all;0;2;922.0;1925711
811239;315553504;31555;31;76;none;all;0;2;1043.0;1941659
830940;315552701;31555;31;76;none;all;0;2;2533.0;1947823
879102;315552601;31555;31;76;none;all;0;2;2070.0;1962846
301359;310690107;31069;31;76;all;all;1;2;2658.0;1808459
703044;315553301;31555;31;76;all;all;1;2;402.0;1907928
1219541;820270000;82027;82;76;all;all;2;2;1884.244250997147;6403653
300701;310690107;31069;31;76;all;all;1;2;1610.0;1808286
874080;315554003;31555;31;76;all;all;1;2;2939.0;1961281
307104;310690106;31069;31;76;some;some;1;1;6184.8;1809995
533016;314570000;31457;31;76;all;some;3;1;5160.723564926602;1860330
809136;315551603;31555;31;76;all;all;1;2;1692.0;1941016
316720;311060000;31106;31;76;all;all;1;1;2498.0021014492163;1812589
365779;311600000;31160;31;76;all;all;1;1;1853.37365111434;1824138
1057320;810990101;81099;81;76;all;all;1;1;1072.0;6363147
1064816;811160000;81116;81;76;all;all;1;7;603.6588165520768;6365367
605100;310440105;31044;31;76;all;all;1;2;1308.0;1879761
680515;315551702;31555;31;76;all;all;2;2;7149.0;1900855
715825;315554801;31555;31;76;all;all;1;2;1717.0;1911905
791600;315553301;31555;31;76;none;all;0;2;1659.0;1935570
837735;315550902;31555;31;76;all;all;1;2;4722.0;1950003
982275;323020000;32302;32;76;some;some;1;2;7651.731367752032;1989477
658432;315554502;31555;31;76;some;all;1;3;6658.0;1893897
857284;315551603;31555;31;76;all;all;1;3;919.0;1956067
359402;311500000;31150;31;76;some;all;1;2;2230.5;1822834
457032;313030000;31303;31;76;all;all;2;2;3619.5;1843624
704315;315553503;31555;31;76;none;all;0;2;4169.0;1908324
832353;315553101;31555;31;76;all;all;1;2;2059.0;1948279
541972;314760000;31476;31;76;all;all;1;1;1641.3861079152628;1862437
1155546;810040603;81004;81;76;all;some;2;1;5122.5;6385500
326480;315060102;31506;31;76;all;all;1;2;2400.0;1815180
353504;311470000;31147;31;76;all;some;2;1;3456.595491587712;1821622
659982;315555401;31555;31;76;some;all;1;3;3057.0;1894393
902159;315556001;31555;31;76;all;all;2;3;1672.0;1970085
862481;315551102;31555;31;76;none;all;0;4;1001.0;1957682
958331;321750000;32175;32;76;all;none;1;0;2171.160876039158;1984658
684701;315556002;31555;31;76;all;none;1;0;2006.0;1902183
1031482;810480000;81048;81;76;all;none;1;0;1761.7359834844315;6357729
1064473;811050106;81105;81;76;all;none;1;0;1142.0;6365266
1191275;810650203;81065;81;76;all;none;1;0;3046.0;6396303
359606;311530000;31153;31;76;all;none;1;0;862.9601920839449;1822876
871187;315550701;31555;31;76;all;all;2;3;5863.5;1960368
879454;315551701;31555;31;76;none;all;0;3;2775.0;1962945
1269677;821240000;82124;82;76;all;all;1;3;2278.263650681451;6415047
920301;315554003;31555;31;76;all;none;2;0;1466.0;1975674
1194723;810650101;81065;81;76;all;none;1;0;280.0;6397396
605690;314460106;31446;31;76;none;all;0;1;1265.0;1879924
703438;315552101;31555;31;76;none;all;0;1;1195.0;1908061
762036;315553802;31555;31;76;all;all;1;1;1274.0;1926315
1354776;315550701;31555;31;76;none;all;0;1;446.0;8151785
366723;311600000;31160;31;76;none;none;0;0;2014.8744044521534;1824326
688389;315551807;31555;31;76;none;none;0;0;1469.0;1903358
726281;315553703;31555;31;76;none;none;0;0;2736.0;1915166
879347;315553703;31555;31;76;none;none;0;0;455.40000000000003;1962914
917734;315551101;31555;31;76;all;all;3;1;1403.0;1974898
487722;314240105;31424;31;76;all;all;1;2;645.0;1850820
702421;315555001;31555;31;76;all;all;1;3;1420.0;1907730
1224721;820280000;82028;82;76;all;all;1;3;1278.0971652668738;6404999
1152128;810040601;81004;81;76;all;none;1;0;1919.0;6384393
1356763;315554701;31555;31;76;none;none;0;0;1601.0;8152395
1357195;315555202;31555;31;76;none;none;0;0;1356.0;8152613
377671;311860000;31186;31;76;all;all;2;4;1659.0;1826519
1167393;810040302;81004;81;76;none;all;0;4;1459.0;6389313
382799;312020000;31202;31;76;all;all;1;2;3129.0;1827552
393356;312280000;31228;31;76;all;none;1;0;1863.4975909732207;1829661
999434;323830000;32383;32;76;all;none;2;0;1426.587584814964;1992891
1163201;810040101;81004;81;76;none;all;0;3;1701.0;6387957
400649;312480000;31248;31;76;all;all;1;3;1003.0;1831106
676184;315551101;31555;31;76;none;none;0;0;4152.0;1899472
848804;315550701;31555;31;76;none;none;0;0;1655.0;1953440
404399;312520000;31252;31;76;some;none;1;0;3946.485276407707;1831851
423457;315260102;31526;31;76;all;none;1;0;1066.0;1835679
561642;314970000;31497;31;76;all;none;2;0;2817.0;1867745
616119;311570103;31157;31;76;all;none;1;0;1421.0;1883182
1209221;820020000;82002;82;76;all;none;1;0;279.0;6401600
789827;315553802;31555;31;76;all;all;1;2;960.0;1935026
878796;315555502;31555;31;76;all;all;1;2;2627.0;1962750
1155985;810040603;81004;81;76;some;some;2;2;5654.0;6385638
423492;312910103;31291;31;76;all;all;1;2;1564.0;1835686
428850;315260101;31526;31;76;all;none;2;0;1810.5;1836755
594649;315120000;31512;31;76;all;all;1;2;2153.620005696156;1877111
700215;315554801;31555;31;76;all;all;1;1;1377.0;1907038
832133;315550902;31555;31;76;all;all;1;1;4170.0;1948209
438111;313950107;31395;31;76;all;none;1;0;202.0;1838951
1320447;821210302;82121;82;76;all;none;1;0;583.0;6428390
569845;311490601;31149;31;76;all;none;1;0;2529.0;1870195
570360;311490601;31149;31;76;all;none;2;0;2354.0;1870343
609695;314460106;31446;31;76;all;none;1;0;52.0;1881205
819050;315551303;31555;31;76;all;all;1;3;1874.0;1944125
899637;315551602;31555;31;76;all;all;1;3;479.0;1969276
539260;314750000;31475;31;76;all;all;1;2;967.861215354046;1861794
1015257;320130102;32013;32;76;all;all;1;1;1345.0;1996461
1080106;811560000;81156;81;76;all;some;2;1;2290.5;6368990
1235205;820570000;82057;82;76;all;all;1;1;1752.7971106101263;6407486
1274316;821340000;82134;82;76;all;some;2;1;3624.0;6415972
1380574;821210502;82121;82;76;none;all;0;1;1754.0;8345897
715796;315554004;31555;31;76;all;all;1;2;2388.0;1911897
1103733;812200000;81220;81;76;all;all;1;2;2646.0;6374297
631605;311570104;31157;31;76;all;all;1;4;1296.0;1887753
644286;315290000;31529;31;76;all;all;1;4;1864.4928942388578;1891065
950567;321270000;32127;32;76;all;all;2;4;5036.186558637355;1983124
461383;313050000;31305;31;76;all;all;1;5;1759.4335513819465;1844481
603930;315170000;31517;31;76;all;all;2;5;4669.5;1879461
572642;311490601;31149;31;76;all;all;1;2;2269.0;1871025
807349;315553702;31555;31;76;all;all;1;2;1948.0;1940438
502916;313990000;31399;31;76;all;all;1;3;1922.2932367829735;1854324
463499;313240000;31324;31;76;all;all;1;1;2304.8278484418174;1844899
675589;315554007;31555;31;76;none;all;0;2;1730.0;1899291
744579;315555702;31555;31;76;some;some;1;1;3369.0;1920847
472680;313570000;31357;31;76;all;all;1;2;1388.3869859246593;1846705
479661;311870105;31187;31;76;all;some;2;1;6178.5;1848573
1147506;812950000;81295;81;76;some;some;1;1;2485.4913441176536;6383037
480353;311870105;31187;31;76;none;none;0;0;1989.0;1848769
1217672;820050000;82005;82;76;none;none;0;0;183.74111367991097;6403280
1355095;315551303;31555;31;76;none;none;0;0;2365.0;8151858
1251811;820960000;82096;82;76;some;some;1;1;3477.0;6411479
496123;313620000;31362;31;76;all;none;1;0;1240.4171140981034;1852979
820393;315551807;31555;31;76;all;all;1;2;1076.0;1944556
636523;311570102;31157;31;76;all;none;1;0;2490.0;1889235
711823;315553802;31555;31;76;all;none;1;0;2967.0;1910654
1163673;810040102;81004;81;76;none;none;0;0;2233.0;6388116
511776;314210000;31421;31;76;all;all;1;1;881.0;1856085
874882;315552002;31555;31;76;some;some;1;1;6349.5;1961535
1121304;812670000;81267;81;76;all;none;1;0;1084.5490017310528;6377812
598341;310440107;31044;31;76;all;all;1;1;204.0;1878062
537762;314580000;31458;31;76;all;all;2;2;781.0;1861429
1076050;811440000;81144;81;76;some;all;1;2;3795.0;6368181
538105;314830101;31483;31;76;none;all;0;3;1160.0;1861513
660547;315550401;31555;31;76;none;none;0;0;1246.0;1894568
795558;315552902;31555;31;76;some;some;1;1;3651.0;1936762
913335;315550501;31555;31;76;none;all;0;1;105.0;1973528
567920;311490601;31149;31;76;all;all;1;2;2089.0;1869617
1256639;821110000;82111;82;76;some;some;1;1;1773.5691188263213;6412436
1067373;811050103;81105;81;76;all;none;1;0;994.0;6366086
1229333;820330102;82033;82;76;some;none;1;0;1911.0;6406271
583073;314880103;31488;31;76;none;none;0;0;1410.0;1873833
587377;315610106;31561;31;76;all;none;2;0;1474.0;1875166
588687;315610105;31561;31;76;some;some;2;1;2688.0;1875565
769578;315551603;31555;31;76;all;none;2;0;3885.0;1928694
1343264;315890000;31589;31;76;none;none;0;0;1913.1123648418832;8148688
1011193;324620000;32462;32;76;none;all;0;2;2517.0;1995248
1231242;820500000;82050;82;76;all;all;2;2;1817.1220442045617;6406687
610497;314460101;31446;31;76;none;all;0;6;898.0;1881465
678427;315554302;31555;31;76;none;all;0;6;1966.0;1900192
775300;315551502;31555;31;76;none;all;0;6;2463.0;1930497
739530;315551502;31555;31;76;some;some;1;1;1773.0;1919299
618188;315570107;31557;31;76;all;all;1;3;1193.0;1883800
633428;311570103;31157;31;76;some;all;1;3;3937.5;1888312
885882;315551806;31555;31;76;all;all;2;3;3427.0;1964923
640600;315180000;31518;31;76;all;all;1;4;1902.8579506623664;1890330
804041;315551501;31555;31;76;all;all;1;4;2039.0;1939408
692158;315550602;31555;31;76;none;all;0;1;1791.0;1904520
760128;315551901;31555;31;76;none;all;0;1;1716.0;1925741
839529;315552203;31555;31;76;none;some;0;1;5457.0;1950567
904327;315550501;31555;31;76;none;all;0;1;2220.0;1970748
915394;315553201;31555;31;76;none;all;0;1;2014.0;1974152
1328596;112060103;11206;11;76;none;all;0;1;1527.0;8081272
1331358;114410000;11441;11;76;none;all;0;1;1233.2391169753362;8081863
682244;315553802;31555;31;76;all;all;1;1;1607.0;1901414
683117;315552901;31555;31;76;all;all;1;1;814.0;1901683
687009;315551803;31555;31;76;all;none;1;0;3278.0;1902919
689157;315551501;31555;31;76;none;none;0;0;5146.5;1903603
1344067;314240105;31424;31;76;none;none;0;0;1393.0;8148852
692228;315551801;31555;31;76;all;none;1;0;1866.0;1904538
1324653;092250106;09225;09;76;none;none;0;0;1933.0;8078469
1373706;810650203;81065;81;76;none;none;0;0;1076.0;8344162
711420;315554804;31555;31;76;all;none;1;0;131.0;1910530
1039265;810770000;81077;81;76;all;all;2;2;1711.8378527897928;6359289
726431;315551806;31555;31;76;none;all;0;1;269.0;1915210
955472;321070102;32107;32;76;none;all;0;1;1049.0;1984095
1363676;324660000;32466;32;76;none;all;0;1;2643.3951094067143;8154011
734712;315550901;31555;31;76;none;all;0;1;2276.0;1917794
1302622;821210302;82121;82;76;some;some;1;1;4329.0;6422749
745700;315550902;31555;31;76;none;none;0;0;1852.0;1921199
780686;315551603;31555;31;76;none;none;0;0;921.0;1932167
1377579;821900000;82190;82;76;none;none;0;0;1457.0;8345121
759554;315554703;31555;31;76;all;none;1;0;2191.0;1925558
775338;315550501;31555;31;76;all;all;1;3;1448.0;1930508
817653;315552202;31555;31;76;none;all;0;1;1925.0;1943685
788911;315553402;31555;31;76;none;none;0;0;1383.0;1934731
1380080;821210601;82121;82;76;none;none;0;0;2140.0;8345755
791426;315552601;31555;31;76;none;none;0;0;4559.0;1935522
794933;315554801;31555;31;76;none;none;0;0;1256.0;1936563
803415;315554702;31555;31;76;none;all;0;1;1037.0;1939223
823191;315550202;31555;31;76;none;all;0;1;1037.0;1945407
822392;315552404;31555;31;76;none;none;0;0;1314.0;1945176
1196125;810650101;81065;81;76;none;none;0;0;1077.0;6397854
1325960;114330000;11433;11;76;none;none;0;0;344.929171718633;8080643
806783;315552702;31555;31;76;none;none;0;0;5280.0;1940259
817229;315554801;31555;31;76;none;none;0;0;1686.0;1943547
807466;315550801;31555;31;76;none;none;0;0;1772.0;1940474
888643;315553504;31555;31;76;none;none;0;0;605.0;1965779
913462;315554803;31555;31;76;none;none;0;0;1386.0;1973566
1369917;812710101;81271;81;76;none;none;0;0;1687.0;8343208
821129;315554202;31555;31;76;all;none;1;0;1109.0;1944786
826630;315553101;31555;31;76;all;all;1;1;1654.0;1946490
1015805;320130601;32013;32;76;all;all;1;2;2311.0;1996630
855924;315555303;31555;31;76;all;some;1;1;4810.0;1955666
858408;315550101;31555;31;76;none;all;0;1;2024.0;1956418
1244983;820750000;82075;82;76;all;all;1;1;386.0;6410108
858956;315553702;31555;31;76;all;none;1;0;519.0;1956595
862658;315554006;31555;31;76;all;all;2;1;4021.0;1957741
862698;315550202;31555;31;76;all;all;1;1;971.0;1957752
866183;315551001;31555;31;76;none;none;0;0;3152.0;1958844
1337682;315850000;31585;31;76;none;none;0;0;1533.4718350696944;8147514
1354806;315550701;31555;31;76;none;none;0;0;3597.0;8151791
1378893;821900000;82190;82;76;none;none;0;0;1562.0;8345400
1379877;821210701;82121;82;76;none;none;0;0;1393.0;8345679
1381102;821210501;82121;82;76;none;none;0;0;881.0;8346173
981988;322970000;32297;32;76;all;some;2;1;4216.197378450269;1989420
1039871;810780000;81078;81;76;all;all;1;1;432.3640377777781;6359410
942058;320900000;32090;32;76;some;all;1;2;3990.25905383406;1981435
1002073;323940000;32394;32;76;all;all;1;1;3036.009126759216;1993419
1163704;810040602;81004;81;76;some;some;1;1;2010.0;6388125
966053;321320103;32132;32;76;none;none;0;0;3468.0;1986217
1006023;324250000;32425;32;76;all;none;1;0;1606.9192567516932;1994215
1048790;810810000;81081;81;76;all;none;1;0;1964.5208509044146;6361219
1242558;820660000;82066;82;76;all;none;1;0;2073.015305803655;6409615
1100400;812190000;81219;81;76;all;all;1;1;1515.0;6373629
1152911;810040801;81004;81;76;all;all;1;1;1499.0;6384646
1153506;810040304;81004;81;76;none;none;0;0;253.0;6384832
1165706;810040304;81004;81;76;all;none;2;0;2311.5;6388769
1171381;810040102;81004;81;76;all;all;1;2;3511.0;6390601
1196233;810650204;81065;81;76;none;all;0;1;1735.0;6397891
1202999;811630102;81163;81;76;none;all;0;2;2066.0;6400001
1222276;820330104;82033;82;76;all;all;1;2;71.0;6404310
1347707;314170103;31417;31;76;none;none;0;0;2765.0;8149730
1303619;821210104;82121;82;76;all;none;1;0;1310.0;6423056
1346279;314830103;31483;31;76;none;none;0;0;3082.0;8149378
1372835;810650702;81065;81;76;none;none;0;0;1049.0;8343909
